Test matrix (ubuntu-latest, 3.12)	Set up job	﻿2026-03-12T15:02:15.2495185Z Current runner version: '2.332.0'
Test matrix (ubuntu-latest, 3.12)	Set up job	2026-03-12T15:02:15.2519915Z ##[group]Runner Image Provisioner
Test matrix (ubuntu-latest, 3.12)	Set up job	2026-03-12T15:02:15.2520677Z Hosted Compute Agent
Test matrix (ubuntu-latest, 3.12)	Set up job	2026-03-12T15:02:15.2521296Z Version: 20260213.493
Test matrix (ubuntu-latest, 3.12)	Set up job	2026-03-12T15:02:15.2521833Z Commit: 5c115507f6dd24b8de37d8bbe0bb4509d0cc0fa3
Test matrix (ubuntu-latest, 3.12)	Set up job	2026-03-12T15:02:15.2522688Z Build Date: 2026-02-13T00:28:41Z
Test matrix (ubuntu-latest, 3.12)	Set up job	2026-03-12T15:02:15.2523327Z Worker ID: {e49d14b6-f3e9-4b31-98a9-09df21db49ee}
Test matrix (ubuntu-latest, 3.12)	Set up job	2026-03-12T15:02:15.2523972Z Azure Region: northcentralus
Test matrix (ubuntu-latest, 3.12)	Set up job	2026-03-12T15:02:15.2524477Z ##[endgroup]
Test matrix (ubuntu-latest, 3.12)	Set up job	2026-03-12T15:02:15.2525885Z ##[group]Operating System
Test matrix (ubuntu-latest, 3.12)	Set up job	2026-03-12T15:02:15.2526443Z Ubuntu
Test matrix (ubuntu-latest, 3.12)	Set up job	2026-03-12T15:02:15.2526872Z 24.04.3
Test matrix (ubuntu-latest, 3.12)	Set up job	2026-03-12T15:02:15.2527383Z LTS
Test matrix (ubuntu-latest, 3.12)	Set up job	2026-03-12T15:02:15.2527781Z ##[endgroup]
Test matrix (ubuntu-latest, 3.12)	Set up job	2026-03-12T15:02:15.2528236Z ##[group]Runner Image
Test matrix (ubuntu-latest, 3.12)	Set up job	2026-03-12T15:02:15.2528701Z Image: ubuntu-24.04
Test matrix (ubuntu-latest, 3.12)	Set up job	2026-03-12T15:02:15.2529196Z Version: 20260302.42.1
Test matrix (ubuntu-latest, 3.12)	Set up job	2026-03-12T15:02:15.2530080Z Included Software: https://github.com/actions/runner-images/blob/ubuntu24/20260302.42/images/ubuntu/Ubuntu2404-Readme.md
Test matrix (ubuntu-latest, 3.12)	Set up job	2026-03-12T15:02:15.2531576Z Image Release: https://github.com/actions/runner-images/releases/tag/ubuntu24%2F20260302.42
Test matrix (ubuntu-latest, 3.12)	Set up job	2026-03-12T15:02:15.2532728Z ##[endgroup]
Test matrix (ubuntu-latest, 3.12)	Set up job	2026-03-12T15:02:15.2533759Z ##[group]GITHUB_TOKEN Permissions
Test matrix (ubuntu-latest, 3.12)	Set up job	2026-03-12T15:02:15.2535943Z Contents: read
Test matrix (ubuntu-latest, 3.12)	Set up job	2026-03-12T15:02:15.2536493Z Metadata: read
Test matrix (ubuntu-latest, 3.12)	Set up job	2026-03-12T15:02:15.2536939Z Packages: read
Test matrix (ubuntu-latest, 3.12)	Set up job	2026-03-12T15:02:15.2537446Z ##[endgroup]
Test matrix (ubuntu-latest, 3.12)	Set up job	2026-03-12T15:02:15.2539733Z Secret source: Actions
Test matrix (ubuntu-latest, 3.12)	Set up job	2026-03-12T15:02:15.2540650Z Prepare workflow directory
Test matrix (ubuntu-latest, 3.12)	Set up job	2026-03-12T15:02:15.2854095Z Prepare all required actions
Test matrix (ubuntu-latest, 3.12)	Set up job	2026-03-12T15:02:15.2894536Z Getting action download info
Test matrix (ubuntu-latest, 3.12)	Set up job	2026-03-12T15:02:15.7106316Z Download action repository 'actions/checkout@v4' (SHA:34e114876b0b11c390a56381ad16ebd13914f8d5)
Test matrix (ubuntu-latest, 3.12)	Set up job	2026-03-12T15:02:15.8616816Z Download action repository 'actions/setup-python@v4' (SHA:7f4fc3e22c37d6ff65e88745f38bd3157c663f7c)
Test matrix (ubuntu-latest, 3.12)	Set up job	2026-03-12T15:02:15.9783125Z Download action repository 'actions/cache@v4' (SHA:0057852bfaa89a56745cba8c7296529d2fc39830)
Test matrix (ubuntu-latest, 3.12)	Set up job	2026-03-12T15:02:16.2161445Z Complete job name: Test matrix (ubuntu-latest, 3.12)
Test matrix (ubuntu-latest, 3.12)	Checkout repository	﻿2026-03-12T15:02:16.2859571Z ##[group]Run actions/checkout@v4
Test matrix (ubuntu-latest, 3.12)	Checkout repository	2026-03-12T15:02:16.2860591Z with:
Test matrix (ubuntu-latest, 3.12)	Checkout repository	2026-03-12T15:02:16.2861081Z   repository: oggy8021/Harite
Test matrix (ubuntu-latest, 3.12)	Checkout repository	2026-03-12T15:02:16.2862010Z   token: ***
Test matrix (ubuntu-latest, 3.12)	Checkout repository	2026-03-12T15:02:16.2862602Z   ssh-strict: true
Test matrix (ubuntu-latest, 3.12)	Checkout repository	2026-03-12T15:02:16.2863090Z   ssh-user: git
Test matrix (ubuntu-latest, 3.12)	Checkout repository	2026-03-12T15:02:16.2863610Z   persist-credentials: true
Test matrix (ubuntu-latest, 3.12)	Checkout repository	2026-03-12T15:02:16.2864126Z   clean: true
Test matrix (ubuntu-latest, 3.12)	Checkout repository	2026-03-12T15:02:16.2864628Z   sparse-checkout-cone-mode: true
Test matrix (ubuntu-latest, 3.12)	Checkout repository	2026-03-12T15:02:16.2865169Z   fetch-depth: 1
Test matrix (ubuntu-latest, 3.12)	Checkout repository	2026-03-12T15:02:16.2865704Z   fetch-tags: false
Test matrix (ubuntu-latest, 3.12)	Checkout repository	2026-03-12T15:02:16.2866178Z   show-progress: true
Test matrix (ubuntu-latest, 3.12)	Checkout repository	2026-03-12T15:02:16.2866655Z   lfs: false
Test matrix (ubuntu-latest, 3.12)	Checkout repository	2026-03-12T15:02:16.2867127Z   submodules: false
Test matrix (ubuntu-latest, 3.12)	Checkout repository	2026-03-12T15:02:16.2867642Z   set-safe-directory: true
Test matrix (ubuntu-latest, 3.12)	Checkout repository	2026-03-12T15:02:16.2868420Z ##[endgroup]
Test matrix (ubuntu-latest, 3.12)	Checkout repository	2026-03-12T15:02:16.3904984Z Syncing repository: oggy8021/Harite
Test matrix (ubuntu-latest, 3.12)	Checkout repository	2026-03-12T15:02:16.3907125Z ##[group]Getting Git version info
Test matrix (ubuntu-latest, 3.12)	Checkout repository	2026-03-12T15:02:16.3908041Z Working directory is '/home/runner/work/Harite/Harite'
Test matrix (ubuntu-latest, 3.12)	Checkout repository	2026-03-12T15:02:16.3909224Z [command]/usr/bin/git version
Test matrix (ubuntu-latest, 3.12)	Checkout repository	2026-03-12T15:02:16.3954312Z git version 2.53.0
Test matrix (ubuntu-latest, 3.12)	Checkout repository	2026-03-12T15:02:16.3977397Z ##[endgroup]
Test matrix (ubuntu-latest, 3.12)	Checkout repository	2026-03-12T15:02:16.3990982Z Temporarily overriding HOME='/home/runner/work/_temp/af1282cb-d334-4750-9aa0-e84348499cf4' before making global git config changes
Test matrix (ubuntu-latest, 3.12)	Checkout repository	2026-03-12T15:02:16.3992933Z Adding repository directory to the temporary git global config as a safe directory
Test matrix (ubuntu-latest, 3.12)	Checkout repository	2026-03-12T15:02:16.4006716Z [command]/usr/bin/git config --global --add safe.directory /home/runner/work/Harite/Harite
Test matrix (ubuntu-latest, 3.12)	Checkout repository	2026-03-12T15:02:16.4042174Z Deleting the contents of '/home/runner/work/Harite/Harite'
Test matrix (ubuntu-latest, 3.12)	Checkout repository	2026-03-12T15:02:16.4045387Z ##[group]Initializing the repository
Test matrix (ubuntu-latest, 3.12)	Checkout repository	2026-03-12T15:02:16.4049623Z [command]/usr/bin/git init /home/runner/work/Harite/Harite
Test matrix (ubuntu-latest, 3.12)	Checkout repository	2026-03-12T15:02:16.4158322Z hint: Using 'master' as the name for the initial branch. This default branch name
Test matrix (ubuntu-latest, 3.12)	Checkout repository	2026-03-12T15:02:16.4159576Z hint: will change to "main" in Git 3.0. To configure the initial branch name
Test matrix (ubuntu-latest, 3.12)	Checkout repository	2026-03-12T15:02:16.4161027Z hint: to use in all of your new repositories, which will suppress this warning,
Test matrix (ubuntu-latest, 3.12)	Checkout repository	2026-03-12T15:02:16.4161875Z hint: call:
Test matrix (ubuntu-latest, 3.12)	Checkout repository	2026-03-12T15:02:16.4162531Z hint:
Test matrix (ubuntu-latest, 3.12)	Checkout repository	2026-03-12T15:02:16.4163609Z hint: 	git config --global init.defaultBranch <name>
Test matrix (ubuntu-latest, 3.12)	Checkout repository	2026-03-12T15:02:16.4164598Z hint:
Test matrix (ubuntu-latest, 3.12)	Checkout repository	2026-03-12T15:02:16.4165394Z hint: Names commonly chosen instead of 'master' are 'main', 'trunk' and
Test matrix (ubuntu-latest, 3.12)	Checkout repository	2026-03-12T15:02:16.4167036Z hint: 'development'. The just-created branch can be renamed via this command:
Test matrix (ubuntu-latest, 3.12)	Checkout repository	2026-03-12T15:02:16.4168362Z hint:
Test matrix (ubuntu-latest, 3.12)	Checkout repository	2026-03-12T15:02:16.4168974Z hint: 	git branch -m <name>
Test matrix (ubuntu-latest, 3.12)	Checkout repository	2026-03-12T15:02:16.4169767Z hint:
Test matrix (ubuntu-latest, 3.12)	Checkout repository	2026-03-12T15:02:16.4170792Z hint: Disable this message with "git config set advice.defaultBranchName false"
Test matrix (ubuntu-latest, 3.12)	Checkout repository	2026-03-12T15:02:16.4172767Z Initialized empty Git repository in /home/runner/work/Harite/Harite/.git/
Test matrix (ubuntu-latest, 3.12)	Checkout repository	2026-03-12T15:02:16.4175771Z [command]/usr/bin/git remote add origin https://github.com/oggy8021/Harite
Test matrix (ubuntu-latest, 3.12)	Checkout repository	2026-03-12T15:02:16.4198621Z ##[endgroup]
Test matrix (ubuntu-latest, 3.12)	Checkout repository	2026-03-12T15:02:16.4199907Z ##[group]Disabling automatic garbage collection
Test matrix (ubuntu-latest, 3.12)	Checkout repository	2026-03-12T15:02:16.4201144Z [command]/usr/bin/git config --local gc.auto 0
Test matrix (ubuntu-latest, 3.12)	Checkout repository	2026-03-12T15:02:16.4229493Z ##[endgroup]
Test matrix (ubuntu-latest, 3.12)	Checkout repository	2026-03-12T15:02:16.4230221Z ##[group]Setting up auth
Test matrix (ubuntu-latest, 3.12)	Checkout repository	2026-03-12T15:02:16.4236798Z [command]/usr/bin/git config --local --name-only --get-regexp core\.sshCommand
Test matrix (ubuntu-latest, 3.12)	Checkout repository	2026-03-12T15:02:16.4266627Z [command]/usr/bin/git submodule foreach --recursive sh -c "git config --local --name-only --get-regexp 'core\.sshCommand' && git config --local --unset-all 'core.sshCommand' || :"
Test matrix (ubuntu-latest, 3.12)	Checkout repository	2026-03-12T15:02:16.4548047Z [command]/usr/bin/git config --local --name-only --get-regexp http\.https\:\/\/github\.com\/\.extraheader
Test matrix (ubuntu-latest, 3.12)	Checkout repository	2026-03-12T15:02:16.4574286Z [command]/usr/bin/git submodule foreach --recursive sh -c "git config --local --name-only --get-regexp 'http\.https\:\/\/github\.com\/\.extraheader' && git config --local --unset-all 'http.https://github.com/.extraheader' || :"
Test matrix (ubuntu-latest, 3.12)	Checkout repository	2026-03-12T15:02:16.4756245Z [command]/usr/bin/git config --local --name-only --get-regexp ^includeIf\.gitdir:
Test matrix (ubuntu-latest, 3.12)	Checkout repository	2026-03-12T15:02:16.4784743Z [command]/usr/bin/git submodule foreach --recursive git config --local --show-origin --name-only --get-regexp remote.origin.url
Test matrix (ubuntu-latest, 3.12)	Checkout repository	2026-03-12T15:02:16.4977187Z [command]/usr/bin/git config --local http.https://github.com/.extraheader AUTHORIZATION: basic ***
Test matrix (ubuntu-latest, 3.12)	Checkout repository	2026-03-12T15:02:16.5007531Z ##[endgroup]
Test matrix (ubuntu-latest, 3.12)	Checkout repository	2026-03-12T15:02:16.5008375Z ##[group]Fetching the repository
Test matrix (ubuntu-latest, 3.12)	Checkout repository	2026-03-12T15:02:16.5016291Z [command]/usr/bin/git -c protocol.version=2 fetch --no-tags --prune --no-recurse-submodules --depth=1 origin +e34db03ff9b90ee228e8d443f90dd83745dfa8dd:refs/remotes/origin/feature/monitor-split
Test matrix (ubuntu-latest, 3.12)	Checkout repository	2026-03-12T15:02:16.7718322Z From https://github.com/oggy8021/Harite
Test matrix (ubuntu-latest, 3.12)	Checkout repository	2026-03-12T15:02:16.7720163Z  * [new ref]         e34db03ff9b90ee228e8d443f90dd83745dfa8dd -> origin/feature/monitor-split
Test matrix (ubuntu-latest, 3.12)	Checkout repository	2026-03-12T15:02:16.7748068Z ##[endgroup]
Test matrix (ubuntu-latest, 3.12)	Checkout repository	2026-03-12T15:02:16.7749532Z ##[group]Determining the checkout info
Test matrix (ubuntu-latest, 3.12)	Checkout repository	2026-03-12T15:02:16.7750992Z ##[endgroup]
Test matrix (ubuntu-latest, 3.12)	Checkout repository	2026-03-12T15:02:16.7754047Z [command]/usr/bin/git sparse-checkout disable
Test matrix (ubuntu-latest, 3.12)	Checkout repository	2026-03-12T15:02:16.7791712Z [command]/usr/bin/git config --local --unset-all extensions.worktreeConfig
Test matrix (ubuntu-latest, 3.12)	Checkout repository	2026-03-12T15:02:16.7815795Z ##[group]Checking out the ref
Test matrix (ubuntu-latest, 3.12)	Checkout repository	2026-03-12T15:02:16.7819935Z [command]/usr/bin/git checkout --progress --force -B feature/monitor-split refs/remotes/origin/feature/monitor-split
Test matrix (ubuntu-latest, 3.12)	Checkout repository	2026-03-12T15:02:16.7882204Z Switched to a new branch 'feature/monitor-split'
Test matrix (ubuntu-latest, 3.12)	Checkout repository	2026-03-12T15:02:16.7885049Z branch 'feature/monitor-split' set up to track 'origin/feature/monitor-split'.
Test matrix (ubuntu-latest, 3.12)	Checkout repository	2026-03-12T15:02:16.7890916Z ##[endgroup]
Test matrix (ubuntu-latest, 3.12)	Checkout repository	2026-03-12T15:02:16.7922533Z [command]/usr/bin/git log -1 --format=%H
Test matrix (ubuntu-latest, 3.12)	Checkout repository	2026-03-12T15:02:16.7942392Z e34db03ff9b90ee228e8d443f90dd83745dfa8dd
Test matrix (ubuntu-latest, 3.12)	Setup Python	﻿2026-03-12T15:02:16.8237435Z ##[group]Run actions/setup-python@v4
Test matrix (ubuntu-latest, 3.12)	Setup Python	2026-03-12T15:02:16.8238570Z with:
Test matrix (ubuntu-latest, 3.12)	Setup Python	2026-03-12T15:02:16.8239350Z   python-version: 3.12
Test matrix (ubuntu-latest, 3.12)	Setup Python	2026-03-12T15:02:16.8240250Z   check-latest: false
Test matrix (ubuntu-latest, 3.12)	Setup Python	2026-03-12T15:02:16.8241401Z   token: ***
Test matrix (ubuntu-latest, 3.12)	Setup Python	2026-03-12T15:02:16.8242356Z   update-environment: true
Test matrix (ubuntu-latest, 3.12)	Setup Python	2026-03-12T15:02:16.8243505Z   allow-prereleases: false
Test matrix (ubuntu-latest, 3.12)	Setup Python	2026-03-12T15:02:16.8244444Z ##[endgroup]
Test matrix (ubuntu-latest, 3.12)	Setup Python	2026-03-12T15:02:16.9874852Z ##[group]Installed versions
Test matrix (ubuntu-latest, 3.12)	Setup Python	2026-03-12T15:02:16.9963789Z Successfully set up CPython (3.12.12)
Test matrix (ubuntu-latest, 3.12)	Setup Python	2026-03-12T15:02:16.9966321Z ##[endgroup]
Test matrix (ubuntu-latest, 3.12)	Cache pip	﻿2026-03-12T15:02:17.0921803Z ##[group]Run actions/cache@v4
Test matrix (ubuntu-latest, 3.12)	Cache pip	2026-03-12T15:02:17.0922859Z with:
Test matrix (ubuntu-latest, 3.12)	Cache pip	2026-03-12T15:02:17.0923515Z   path: ~/.cache/pip
Test matrix (ubuntu-latest, 3.12)	Cache pip	2026-03-12T15:02:17.0924845Z   key: Linux-pip-df4bc6ceae1c664ba6a4b8adcb99f1e14933abc7299e2d0f1ab5f5eb0399ab1a
Test matrix (ubuntu-latest, 3.12)	Cache pip	2026-03-12T15:02:17.0926418Z   restore-keys: Linux-pip-
Test matrix (ubuntu-latest, 3.12)	Cache pip	
Test matrix (ubuntu-latest, 3.12)	Cache pip	2026-03-12T15:02:17.0927302Z   enableCrossOsArchive: false
Test matrix (ubuntu-latest, 3.12)	Cache pip	2026-03-12T15:02:17.0928206Z   fail-on-cache-miss: false
Test matrix (ubuntu-latest, 3.12)	Cache pip	2026-03-12T15:02:17.0929034Z   lookup-only: false
Test matrix (ubuntu-latest, 3.12)	Cache pip	2026-03-12T15:02:17.0929795Z   save-always: false
Test matrix (ubuntu-latest, 3.12)	Cache pip	2026-03-12T15:02:17.0930521Z env:
Test matrix (ubuntu-latest, 3.12)	Cache pip	2026-03-12T15:02:17.0931371Z   pythonLocation: /opt/hostedtoolcache/Python/3.12.12/x64
Test matrix (ubuntu-latest, 3.12)	Cache pip	2026-03-12T15:02:17.0932959Z   PKG_CONFIG_PATH: /opt/hostedtoolcache/Python/3.12.12/x64/lib/pkgconfig
Test matrix (ubuntu-latest, 3.12)	Cache pip	2026-03-12T15:02:17.0934493Z   Python_ROOT_DIR: /opt/hostedtoolcache/Python/3.12.12/x64
Test matrix (ubuntu-latest, 3.12)	Cache pip	2026-03-12T15:02:17.0935838Z   Python2_ROOT_DIR: /opt/hostedtoolcache/Python/3.12.12/x64
Test matrix (ubuntu-latest, 3.12)	Cache pip	2026-03-12T15:02:17.0937186Z   Python3_ROOT_DIR: /opt/hostedtoolcache/Python/3.12.12/x64
Test matrix (ubuntu-latest, 3.12)	Cache pip	2026-03-12T15:02:17.0938579Z   LD_LIBRARY_PATH: /opt/hostedtoolcache/Python/3.12.12/x64/lib
Test matrix (ubuntu-latest, 3.12)	Cache pip	2026-03-12T15:02:17.0939771Z ##[endgroup]
Test matrix (ubuntu-latest, 3.12)	Cache pip	2026-03-12T15:02:17.3400050Z Cache not found for input keys: Linux-pip-df4bc6ceae1c664ba6a4b8adcb99f1e14933abc7299e2d0f1ab5f5eb0399ab1a, Linux-pip-
Test matrix (ubuntu-latest, 3.12)	Install dependencies	﻿2026-03-12T15:02:17.3495937Z ##[group]Run python -m pip install --upgrade pip
Test matrix (ubuntu-latest, 3.12)	Install dependencies	2026-03-12T15:02:17.3497397Z [36;1mpython -m pip install --upgrade pip[0m
Test matrix (ubuntu-latest, 3.12)	Install dependencies	2026-03-12T15:02:17.3498440Z [36;1mpip install -e .[0m
Test matrix (ubuntu-latest, 3.12)	Install dependencies	2026-03-12T15:02:17.3499272Z [36;1mpip install pytest[0m
Test matrix (ubuntu-latest, 3.12)	Install dependencies	2026-03-12T15:02:17.3536069Z shell: /usr/bin/bash -e {0}
Test matrix (ubuntu-latest, 3.12)	Install dependencies	2026-03-12T15:02:17.3536967Z env:
Test matrix (ubuntu-latest, 3.12)	Install dependencies	2026-03-12T15:02:17.3537857Z   pythonLocation: /opt/hostedtoolcache/Python/3.12.12/x64
Test matrix (ubuntu-latest, 3.12)	Install dependencies	2026-03-12T15:02:17.3539344Z   PKG_CONFIG_PATH: /opt/hostedtoolcache/Python/3.12.12/x64/lib/pkgconfig
Test matrix (ubuntu-latest, 3.12)	Install dependencies	2026-03-12T15:02:17.3540819Z   Python_ROOT_DIR: /opt/hostedtoolcache/Python/3.12.12/x64
Test matrix (ubuntu-latest, 3.12)	Install dependencies	2026-03-12T15:02:17.3542149Z   Python2_ROOT_DIR: /opt/hostedtoolcache/Python/3.12.12/x64
Test matrix (ubuntu-latest, 3.12)	Install dependencies	2026-03-12T15:02:17.3543683Z   Python3_ROOT_DIR: /opt/hostedtoolcache/Python/3.12.12/x64
Test matrix (ubuntu-latest, 3.12)	Install dependencies	2026-03-12T15:02:17.3545029Z   LD_LIBRARY_PATH: /opt/hostedtoolcache/Python/3.12.12/x64/lib
Test matrix (ubuntu-latest, 3.12)	Install dependencies	2026-03-12T15:02:17.3546153Z ##[endgroup]
Test matrix (ubuntu-latest, 3.12)	Install dependencies	2026-03-12T15:02:18.6871457Z Requirement already satisfied: pip in /opt/hostedtoolcache/Python/3.12.12/x64/lib/python3.12/site-packages (26.0.1)
Test matrix (ubuntu-latest, 3.12)	Install dependencies	2026-03-12T15:02:19.2414916Z Obtaining file:///home/runner/work/Harite/Harite
Test matrix (ubuntu-latest, 3.12)	Install dependencies	2026-03-12T15:02:19.2430820Z   Installing build dependencies: started
Test matrix (ubuntu-latest, 3.12)	Install dependencies	2026-03-12T15:02:20.1383696Z   Installing build dependencies: finished with status 'done'
Test matrix (ubuntu-latest, 3.12)	Install dependencies	2026-03-12T15:02:20.1389477Z   Checking if build backend supports build_editable: started
Test matrix (ubuntu-latest, 3.12)	Install dependencies	2026-03-12T15:02:20.4355062Z   Checking if build backend supports build_editable: finished with status 'done'
Test matrix (ubuntu-latest, 3.12)	Install dependencies	2026-03-12T15:02:20.4363293Z   Getting requirements to build editable: started
Test matrix (ubuntu-latest, 3.12)	Install dependencies	2026-03-12T15:02:20.7407045Z   Getting requirements to build editable: finished with status 'done'
Test matrix (ubuntu-latest, 3.12)	Install dependencies	2026-03-12T15:02:20.7415714Z   Preparing editable metadata (pyproject.toml): started
Test matrix (ubuntu-latest, 3.12)	Install dependencies	2026-03-12T15:02:20.9218940Z   Preparing editable metadata (pyproject.toml): finished with status 'done'
Test matrix (ubuntu-latest, 3.12)	Install dependencies	2026-03-12T15:02:21.2191992Z Collecting typer>=0.9 (from harite==0.0.0)
Test matrix (ubuntu-latest, 3.12)	Install dependencies	2026-03-12T15:02:21.3192178Z   Downloading typer-0.24.1-py3-none-any.whl.metadata (16 kB)
Test matrix (ubuntu-latest, 3.12)	Install dependencies	2026-03-12T15:02:21.4915541Z Collecting Pillow>=10.0 (from harite==0.0.0)
Test matrix (ubuntu-latest, 3.12)	Install dependencies	2026-03-12T15:02:21.5117448Z   Downloading pillow-12.1.1-cp312-cp312-manylinux_2_27_x86_64.manylinux_2_28_x86_64.whl.metadata (8.8 kB)
Test matrix (ubuntu-latest, 3.12)	Install dependencies	2026-03-12T15:02:21.5306716Z Collecting click>=8.2.1 (from typer>=0.9->harite==0.0.0)
Test matrix (ubuntu-latest, 3.12)	Install dependencies	2026-03-12T15:02:21.5503697Z   Downloading click-8.3.1-py3-none-any.whl.metadata (2.6 kB)
Test matrix (ubuntu-latest, 3.12)	Install dependencies	2026-03-12T15:02:21.5632724Z Collecting shellingham>=1.3.0 (from typer>=0.9->harite==0.0.0)
Test matrix (ubuntu-latest, 3.12)	Install dependencies	2026-03-12T15:02:21.5827393Z   Downloading shellingham-1.5.4-py2.py3-none-any.whl.metadata (3.5 kB)
Test matrix (ubuntu-latest, 3.12)	Install dependencies	2026-03-12T15:02:21.6107813Z Collecting rich>=12.3.0 (from typer>=0.9->harite==0.0.0)
Test matrix (ubuntu-latest, 3.12)	Install dependencies	2026-03-12T15:02:21.6305413Z   Downloading rich-14.3.3-py3-none-any.whl.metadata (18 kB)
Test matrix (ubuntu-latest, 3.12)	Install dependencies	2026-03-12T15:02:21.6465652Z Collecting annotated-doc>=0.0.2 (from typer>=0.9->harite==0.0.0)
Test matrix (ubuntu-latest, 3.12)	Install dependencies	2026-03-12T15:02:21.6663300Z   Downloading annotated_doc-0.0.4-py3-none-any.whl.metadata (6.6 kB)
Test matrix (ubuntu-latest, 3.12)	Install dependencies	2026-03-12T15:02:21.6814132Z Collecting markdown-it-py>=2.2.0 (from rich>=12.3.0->typer>=0.9->harite==0.0.0)
Test matrix (ubuntu-latest, 3.12)	Install dependencies	2026-03-12T15:02:21.7009008Z   Downloading markdown_it_py-4.0.0-py3-none-any.whl.metadata (7.3 kB)
Test matrix (ubuntu-latest, 3.12)	Install dependencies	2026-03-12T15:02:21.7207658Z Collecting pygments<3.0.0,>=2.13.0 (from rich>=12.3.0->typer>=0.9->harite==0.0.0)
Test matrix (ubuntu-latest, 3.12)	Install dependencies	2026-03-12T15:02:21.7404882Z   Downloading pygments-2.19.2-py3-none-any.whl.metadata (2.5 kB)
Test matrix (ubuntu-latest, 3.12)	Install dependencies	2026-03-12T15:02:21.7515132Z Collecting mdurl~=0.1 (from markdown-it-py>=2.2.0->rich>=12.3.0->typer>=0.9->harite==0.0.0)
Test matrix (ubuntu-latest, 3.12)	Install dependencies	2026-03-12T15:02:21.7708758Z   Downloading mdurl-0.1.2-py3-none-any.whl.metadata (1.6 kB)
Test matrix (ubuntu-latest, 3.12)	Install dependencies	2026-03-12T15:02:21.7945465Z Downloading pillow-12.1.1-cp312-cp312-manylinux_2_27_x86_64.manylinux_2_28_x86_64.whl (7.0 MB)
Test matrix (ubuntu-latest, 3.12)	Install dependencies	2026-03-12T15:02:21.9318593Z    ━━━━━━━━━━━━━━━━━━━━━━━━━━━━━━━━━━━━━━━━ 7.0/7.0 MB 74.4 MB/s  0:00:00
Test matrix (ubuntu-latest, 3.12)	Install dependencies	2026-03-12T15:02:21.9516302Z Downloading typer-0.24.1-py3-none-any.whl (56 kB)
Test matrix (ubuntu-latest, 3.12)	Install dependencies	2026-03-12T15:02:21.9735120Z Downloading annotated_doc-0.0.4-py3-none-any.whl (5.3 kB)
Test matrix (ubuntu-latest, 3.12)	Install dependencies	2026-03-12T15:02:21.9952800Z Downloading click-8.3.1-py3-none-any.whl (108 kB)
Test matrix (ubuntu-latest, 3.12)	Install dependencies	2026-03-12T15:02:22.0176956Z Downloading rich-14.3.3-py3-none-any.whl (310 kB)
Test matrix (ubuntu-latest, 3.12)	Install dependencies	2026-03-12T15:02:22.0408276Z Downloading pygments-2.19.2-py3-none-any.whl (1.2 MB)
Test matrix (ubuntu-latest, 3.12)	Install dependencies	2026-03-12T15:02:22.0487046Z    ━━━━━━━━━━━━━━━━━━━━━━━━━━━━━━━━━━━━━━━━ 1.2/1.2 MB 190.2 MB/s  0:00:00
Test matrix (ubuntu-latest, 3.12)	Install dependencies	2026-03-12T15:02:22.0686218Z Downloading markdown_it_py-4.0.0-py3-none-any.whl (87 kB)
Test matrix (ubuntu-latest, 3.12)	Install dependencies	2026-03-12T15:02:22.1608927Z Downloading mdurl-0.1.2-py3-none-any.whl (10.0 kB)
Test matrix (ubuntu-latest, 3.12)	Install dependencies	2026-03-12T15:02:22.1830798Z Downloading shellingham-1.5.4-py2.py3-none-any.whl (9.8 kB)
Test matrix (ubuntu-latest, 3.12)	Install dependencies	2026-03-12T15:02:22.2047626Z Building wheels for collected packages: harite
Test matrix (ubuntu-latest, 3.12)	Install dependencies	2026-03-12T15:02:22.2052858Z   Building editable for harite (pyproject.toml): started
Test matrix (ubuntu-latest, 3.12)	Install dependencies	2026-03-12T15:02:22.4012009Z   Building editable for harite (pyproject.toml): finished with status 'done'
Test matrix (ubuntu-latest, 3.12)	Install dependencies	2026-03-12T15:02:22.4017031Z   Created wheel for harite: filename=harite-0.0.0-0.editable-py3-none-any.whl size=1477 sha256=aff18d4911a0d9cb3840c4764b6c6b1d484ac3cca1a9736322fb76a40e5d8141
Test matrix (ubuntu-latest, 3.12)	Install dependencies	2026-03-12T15:02:22.4018914Z   Stored in directory: /tmp/pip-ephem-wheel-cache-jrhqm2sx/wheels/a6/93/da/5ea0c4f0015eac844c8a6c13f6c351f313f0edd778da5fe9e7
Test matrix (ubuntu-latest, 3.12)	Install dependencies	2026-03-12T15:02:22.4033820Z Successfully built harite
Test matrix (ubuntu-latest, 3.12)	Install dependencies	2026-03-12T15:02:22.4189110Z Installing collected packages: shellingham, pygments, Pillow, mdurl, click, annotated-doc, markdown-it-py, rich, typer, harite
Test matrix (ubuntu-latest, 3.12)	Install dependencies	2026-03-12T15:02:23.7161964Z 
Test matrix (ubuntu-latest, 3.12)	Install dependencies	2026-03-12T15:02:23.7178031Z Successfully installed Pillow-12.1.1 annotated-doc-0.0.4 click-8.3.1 harite-0.0.0 markdown-it-py-4.0.0 mdurl-0.1.2 pygments-2.19.2 rich-14.3.3 shellingham-1.5.4 typer-0.24.1
Test matrix (ubuntu-latest, 3.12)	Install dependencies	2026-03-12T15:02:24.2199990Z Collecting pytest
Test matrix (ubuntu-latest, 3.12)	Install dependencies	2026-03-12T15:02:24.3170483Z   Downloading pytest-9.0.2-py3-none-any.whl.metadata (7.6 kB)
Test matrix (ubuntu-latest, 3.12)	Install dependencies	2026-03-12T15:02:24.3305081Z Collecting iniconfig>=1.0.1 (from pytest)
Test matrix (ubuntu-latest, 3.12)	Install dependencies	2026-03-12T15:02:24.3447231Z   Downloading iniconfig-2.3.0-py3-none-any.whl.metadata (2.5 kB)
Test matrix (ubuntu-latest, 3.12)	Install dependencies	2026-03-12T15:02:24.3600790Z Collecting packaging>=22 (from pytest)
Test matrix (ubuntu-latest, 3.12)	Install dependencies	2026-03-12T15:02:24.3613899Z   Using cached packaging-26.0-py3-none-any.whl.metadata (3.3 kB)
Test matrix (ubuntu-latest, 3.12)	Install dependencies	2026-03-12T15:02:24.3721399Z Collecting pluggy<2,>=1.5 (from pytest)
Test matrix (ubuntu-latest, 3.12)	Install dependencies	2026-03-12T15:02:24.3864673Z   Downloading pluggy-1.6.0-py3-none-any.whl.metadata (4.8 kB)
Test matrix (ubuntu-latest, 3.12)	Install dependencies	2026-03-12T15:02:24.3922455Z Requirement already satisfied: pygments>=2.7.2 in /opt/hostedtoolcache/Python/3.12.12/x64/lib/python3.12/site-packages (from pytest) (2.19.2)
Test matrix (ubuntu-latest, 3.12)	Install dependencies	2026-03-12T15:02:24.4077777Z Downloading pytest-9.0.2-py3-none-any.whl (374 kB)
Test matrix (ubuntu-latest, 3.12)	Install dependencies	2026-03-12T15:02:24.4883504Z Downloading pluggy-1.6.0-py3-none-any.whl (20 kB)
Test matrix (ubuntu-latest, 3.12)	Install dependencies	2026-03-12T15:02:24.5053980Z Downloading iniconfig-2.3.0-py3-none-any.whl (7.5 kB)
Test matrix (ubuntu-latest, 3.12)	Install dependencies	2026-03-12T15:02:24.5086563Z Using cached packaging-26.0-py3-none-any.whl (74 kB)
Test matrix (ubuntu-latest, 3.12)	Install dependencies	2026-03-12T15:02:24.5280783Z Installing collected packages: pluggy, packaging, iniconfig, pytest
Test matrix (ubuntu-latest, 3.12)	Install dependencies	2026-03-12T15:02:24.8223522Z 
Test matrix (ubuntu-latest, 3.12)	Install dependencies	2026-03-12T15:02:24.8241190Z Successfully installed iniconfig-2.3.0 packaging-26.0 pluggy-1.6.0 pytest-9.0.2
Test matrix (ubuntu-latest, 3.12)	Run tests	﻿2026-03-12T15:02:24.8793133Z ##[group]Run pytest -q
Test matrix (ubuntu-latest, 3.12)	Run tests	2026-03-12T15:02:24.8793406Z [36;1mpytest -q[0m
Test matrix (ubuntu-latest, 3.12)	Run tests	2026-03-12T15:02:24.8821450Z shell: /usr/bin/bash -e {0}
Test matrix (ubuntu-latest, 3.12)	Run tests	2026-03-12T15:02:24.8821696Z env:
Test matrix (ubuntu-latest, 3.12)	Run tests	2026-03-12T15:02:24.8821945Z   pythonLocation: /opt/hostedtoolcache/Python/3.12.12/x64
Test matrix (ubuntu-latest, 3.12)	Run tests	2026-03-12T15:02:24.8822519Z   PKG_CONFIG_PATH: /opt/hostedtoolcache/Python/3.12.12/x64/lib/pkgconfig
Test matrix (ubuntu-latest, 3.12)	Run tests	2026-03-12T15:02:24.8823078Z   Python_ROOT_DIR: /opt/hostedtoolcache/Python/3.12.12/x64
Test matrix (ubuntu-latest, 3.12)	Run tests	2026-03-12T15:02:24.8823432Z   Python2_ROOT_DIR: /opt/hostedtoolcache/Python/3.12.12/x64
Test matrix (ubuntu-latest, 3.12)	Run tests	2026-03-12T15:02:24.8823774Z   Python3_ROOT_DIR: /opt/hostedtoolcache/Python/3.12.12/x64
Test matrix (ubuntu-latest, 3.12)	Run tests	2026-03-12T15:02:24.8824143Z   LD_LIBRARY_PATH: /opt/hostedtoolcache/Python/3.12.12/x64/lib
Test matrix (ubuntu-latest, 3.12)	Run tests	2026-03-12T15:02:24.8824436Z ##[endgroup]
Test matrix (ubuntu-latest, 3.12)	Run tests	2026-03-12T15:02:25.8279346Z .............................                                            [100%]
Test matrix (ubuntu-latest, 3.12)	Run tests	2026-03-12T15:02:25.8280199Z 29 passed in 0.67s
Test matrix (ubuntu-latest, 3.12)	Post Cache pip	﻿2026-03-12T15:02:25.9478759Z Post job cleanup.
Test matrix (ubuntu-latest, 3.12)	Post Cache pip	2026-03-12T15:02:26.0832835Z [command]/usr/bin/tar --posix -cf cache.tzst --exclude cache.tzst -P -C /home/runner/work/Harite/Harite --files-from manifest.txt --use-compress-program zstdmt
Test matrix (ubuntu-latest, 3.12)	Post Cache pip	2026-03-12T15:02:26.7226418Z Sent 11062336 of 11062336 (100.0%), 27.1 MBs/sec
Test matrix (ubuntu-latest, 3.12)	Post Cache pip	2026-03-12T15:02:26.8869548Z Cache saved with key: Linux-pip-df4bc6ceae1c664ba6a4b8adcb99f1e14933abc7299e2d0f1ab5f5eb0399ab1a
Test matrix (ubuntu-latest, 3.12)	Post Setup Python	﻿2026-03-12T15:02:26.8971538Z Post job cleanup.
Test matrix (ubuntu-latest, 3.12)	Post Checkout repository	﻿2026-03-12T15:02:27.0546152Z Post job cleanup.
Test matrix (ubuntu-latest, 3.12)	Post Checkout repository	2026-03-12T15:02:27.1447976Z [command]/usr/bin/git version
Test matrix (ubuntu-latest, 3.12)	Post Checkout repository	2026-03-12T15:02:27.1482667Z git version 2.53.0
Test matrix (ubuntu-latest, 3.12)	Post Checkout repository	2026-03-12T15:02:27.1523335Z Temporarily overriding HOME='/home/runner/work/_temp/7b3a63d6-9d6b-4c2c-8108-957f341e08f9' before making global git config changes
Test matrix (ubuntu-latest, 3.12)	Post Checkout repository	2026-03-12T15:02:27.1524684Z Adding repository directory to the temporary git global config as a safe directory
Test matrix (ubuntu-latest, 3.12)	Post Checkout repository	2026-03-12T15:02:27.1529456Z [command]/usr/bin/git config --global --add safe.directory /home/runner/work/Harite/Harite
Test matrix (ubuntu-latest, 3.12)	Post Checkout repository	2026-03-12T15:02:27.1617815Z [command]/usr/bin/git config --local --name-only --get-regexp core\.sshCommand
Test matrix (ubuntu-latest, 3.12)	Post Checkout repository	2026-03-12T15:02:27.1652600Z [command]/usr/bin/git submodule foreach --recursive sh -c "git config --local --name-only --get-regexp 'core\.sshCommand' && git config --local --unset-all 'core.sshCommand' || :"
Test matrix (ubuntu-latest, 3.12)	Post Checkout repository	2026-03-12T15:02:27.2576506Z [command]/usr/bin/git config --local --name-only --get-regexp http\.https\:\/\/github\.com\/\.extraheader
Test matrix (ubuntu-latest, 3.12)	Post Checkout repository	2026-03-12T15:02:27.2604270Z http.https://github.com/.extraheader
Test matrix (ubuntu-latest, 3.12)	Post Checkout repository	2026-03-12T15:02:27.2623261Z [command]/usr/bin/git config --local --unset-all http.https://github.com/.extraheader
Test matrix (ubuntu-latest, 3.12)	Post Checkout repository	2026-03-12T15:02:27.2658379Z [command]/usr/bin/git submodule foreach --recursive sh -c "git config --local --name-only --get-regexp 'http\.https\:\/\/github\.com\/\.extraheader' && git config --local --unset-all 'http.https://github.com/.extraheader' || :"
Test matrix (ubuntu-latest, 3.12)	Post Checkout repository	2026-03-12T15:02:27.2866188Z [command]/usr/bin/git config --local --name-only --get-regexp ^includeIf\.gitdir:
Test matrix (ubuntu-latest, 3.12)	Post Checkout repository	2026-03-12T15:02:27.2897074Z [command]/usr/bin/git submodule foreach --recursive git config --local --show-origin --name-only --get-regexp remote.origin.url
Test matrix (ubuntu-latest, 3.12)	Complete job	﻿2026-03-12T15:02:27.3194549Z Cleaning up orphan processes
Test matrix (ubuntu-latest, 3.12)	Complete job	2026-03-12T15:02:27.3487450Z ##[warning]Node.js 20 actions are deprecated. The following actions are running on Node.js 20 and may not work as expected: actions/cache@v4, actions/checkout@v4, actions/setup-python@v4. Actions will be forced to run with Node.js 24 by default starting June 2nd, 2026. Please check if updated versions of these actions are available that support Node.js 24. To opt into Node.js 24 now, set the FORCE_JAVASCRIPT_ACTIONS_TO_NODE24=true environment variable on the runner or in your workflow file. Once Node.js 24 becomes the default, you can temporarily opt out by setting ACTIONS_ALLOW_USE_UNSECURE_NODE_VERSION=true. For more information see: https://github.blog/changelog/2025-09-19-deprecation-of-node-20-on-github-actions-runners/
Test matrix (macos-latest, 3.12)	Set up job	﻿2026-03-12T15:02:16.5229950Z Current runner version: '2.332.0'
Test matrix (macos-latest, 3.12)	Set up job	2026-03-12T15:02:16.5265320Z ##[group]Runner Image Provisioner
Test matrix (macos-latest, 3.12)	Set up job	2026-03-12T15:02:16.5266790Z Hosted Compute Agent
Test matrix (macos-latest, 3.12)	Set up job	2026-03-12T15:02:16.5267680Z Version: 20260213.493
Test matrix (macos-latest, 3.12)	Set up job	2026-03-12T15:02:16.5268650Z Commit: 5c115507f6dd24b8de37d8bbe0bb4509d0cc0fa3
Test matrix (macos-latest, 3.12)	Set up job	2026-03-12T15:02:16.5269810Z Build Date: 2026-02-13T00:28:41Z
Test matrix (macos-latest, 3.12)	Set up job	2026-03-12T15:02:16.5270850Z Worker ID: {b70b93d2-7268-41b7-8c88-b19badc1506c}
Test matrix (macos-latest, 3.12)	Set up job	2026-03-12T15:02:16.5271940Z Azure Region: westus
Test matrix (macos-latest, 3.12)	Set up job	2026-03-12T15:02:16.5272760Z ##[endgroup]
Test matrix (macos-latest, 3.12)	Set up job	2026-03-12T15:02:16.5276990Z ##[group]Operating System
Test matrix (macos-latest, 3.12)	Set up job	2026-03-12T15:02:16.5277980Z macOS
Test matrix (macos-latest, 3.12)	Set up job	2026-03-12T15:02:16.5278690Z 15.7.4
Test matrix (macos-latest, 3.12)	Set up job	2026-03-12T15:02:16.5279700Z 24G517
Test matrix (macos-latest, 3.12)	Set up job	2026-03-12T15:02:16.5280480Z ##[endgroup]
Test matrix (macos-latest, 3.12)	Set up job	2026-03-12T15:02:16.5281300Z ##[group]Runner Image
Test matrix (macos-latest, 3.12)	Set up job	2026-03-12T15:02:16.5282190Z Image: macos-15-arm64
Test matrix (macos-latest, 3.12)	Set up job	2026-03-12T15:02:16.5283020Z Version: 20260303.0188.2
Test matrix (macos-latest, 3.12)	Set up job	2026-03-12T15:02:16.5284920Z Included Software: https://github.com/actions/runner-images/blob/macos-15-arm64/20260303.0188/images/macos/macos-15-arm64-Readme.md
Test matrix (macos-latest, 3.12)	Set up job	2026-03-12T15:02:16.5288420Z Image Release: https://github.com/actions/runner-images/releases/tag/macos-15-arm64%2F20260303.0188
Test matrix (macos-latest, 3.12)	Set up job	2026-03-12T15:02:16.5290310Z ##[endgroup]
Test matrix (macos-latest, 3.12)	Set up job	2026-03-12T15:02:16.5293610Z ##[group]GITHUB_TOKEN Permissions
Test matrix (macos-latest, 3.12)	Set up job	2026-03-12T15:02:16.5298320Z Contents: read
Test matrix (macos-latest, 3.12)	Set up job	2026-03-12T15:02:16.5298720Z Metadata: read
Test matrix (macos-latest, 3.12)	Set up job	2026-03-12T15:02:16.5299020Z Packages: read
Test matrix (macos-latest, 3.12)	Set up job	2026-03-12T15:02:16.5299330Z ##[endgroup]
Test matrix (macos-latest, 3.12)	Set up job	2026-03-12T15:02:16.5301170Z Secret source: Actions
Test matrix (macos-latest, 3.12)	Set up job	2026-03-12T15:02:16.5301600Z Prepare workflow directory
Test matrix (macos-latest, 3.12)	Set up job	2026-03-12T15:02:16.5962860Z Prepare all required actions
Test matrix (macos-latest, 3.12)	Set up job	2026-03-12T15:02:16.6026990Z Getting action download info
Test matrix (macos-latest, 3.12)	Set up job	2026-03-12T15:02:17.2254700Z Download action repository 'actions/checkout@v4' (SHA:34e114876b0b11c390a56381ad16ebd13914f8d5)
Test matrix (macos-latest, 3.12)	Set up job	2026-03-12T15:02:18.2938210Z Download action repository 'actions/setup-python@v4' (SHA:7f4fc3e22c37d6ff65e88745f38bd3157c663f7c)
Test matrix (macos-latest, 3.12)	Set up job	2026-03-12T15:02:18.4068760Z Download action repository 'actions/cache@v4' (SHA:0057852bfaa89a56745cba8c7296529d2fc39830)
Test matrix (macos-latest, 3.12)	Set up job	2026-03-12T15:02:18.6878390Z Complete job name: Test matrix (macos-latest, 3.12)
Test matrix (macos-latest, 3.12)	Checkout repository	﻿2026-03-12T15:02:18.7523810Z ##[group]Run actions/checkout@v4
Test matrix (macos-latest, 3.12)	Checkout repository	2026-03-12T15:02:18.7524480Z with:
Test matrix (macos-latest, 3.12)	Checkout repository	2026-03-12T15:02:18.7524810Z   repository: oggy8021/Harite
Test matrix (macos-latest, 3.12)	Checkout repository	2026-03-12T15:02:18.7525440Z   token: ***
Test matrix (macos-latest, 3.12)	Checkout repository	2026-03-12T15:02:18.7525740Z   ssh-strict: true
Test matrix (macos-latest, 3.12)	Checkout repository	2026-03-12T15:02:18.7526050Z   ssh-user: git
Test matrix (macos-latest, 3.12)	Checkout repository	2026-03-12T15:02:18.7526360Z   persist-credentials: true
Test matrix (macos-latest, 3.12)	Checkout repository	2026-03-12T15:02:18.7526710Z   clean: true
Test matrix (macos-latest, 3.12)	Checkout repository	2026-03-12T15:02:18.7527030Z   sparse-checkout-cone-mode: true
Test matrix (macos-latest, 3.12)	Checkout repository	2026-03-12T15:02:18.7527940Z   fetch-depth: 1
Test matrix (macos-latest, 3.12)	Checkout repository	2026-03-12T15:02:18.7529450Z   fetch-tags: false
Test matrix (macos-latest, 3.12)	Checkout repository	2026-03-12T15:02:18.7530860Z   show-progress: true
Test matrix (macos-latest, 3.12)	Checkout repository	2026-03-12T15:02:18.7531290Z   lfs: false
Test matrix (macos-latest, 3.12)	Checkout repository	2026-03-12T15:02:18.7531590Z   submodules: false
Test matrix (macos-latest, 3.12)	Checkout repository	2026-03-12T15:02:18.7531910Z   set-safe-directory: true
Test matrix (macos-latest, 3.12)	Checkout repository	2026-03-12T15:02:18.7532590Z ##[endgroup]
Test matrix (macos-latest, 3.12)	Checkout repository	2026-03-12T15:02:19.3452030Z Syncing repository: oggy8021/Harite
Test matrix (macos-latest, 3.12)	Checkout repository	2026-03-12T15:02:19.3453510Z ##[group]Getting Git version info
Test matrix (macos-latest, 3.12)	Checkout repository	2026-03-12T15:02:19.3454040Z Working directory is '/Users/runner/work/Harite/Harite'
Test matrix (macos-latest, 3.12)	Checkout repository	2026-03-12T15:02:19.4708040Z [command]/opt/homebrew/bin/git version
Test matrix (macos-latest, 3.12)	Checkout repository	2026-03-12T15:02:19.6511400Z git version 2.53.0
Test matrix (macos-latest, 3.12)	Checkout repository	2026-03-12T15:02:19.6546030Z ##[endgroup]
Test matrix (macos-latest, 3.12)	Checkout repository	2026-03-12T15:02:19.6566040Z Copying '/Users/runner/.gitconfig' to '/Users/runner/work/_temp/fc132ac1-d5fa-4f03-9fd6-5342f884ca29/.gitconfig'
Test matrix (macos-latest, 3.12)	Checkout repository	2026-03-12T15:02:19.6584350Z Temporarily overriding HOME='/Users/runner/work/_temp/fc132ac1-d5fa-4f03-9fd6-5342f884ca29' before making global git config changes
Test matrix (macos-latest, 3.12)	Checkout repository	2026-03-12T15:02:19.6588620Z Adding repository directory to the temporary git global config as a safe directory
Test matrix (macos-latest, 3.12)	Checkout repository	2026-03-12T15:02:19.6594320Z [command]/opt/homebrew/bin/git config --global --add safe.directory /Users/runner/work/Harite/Harite
Test matrix (macos-latest, 3.12)	Checkout repository	2026-03-12T15:02:19.7076300Z Deleting the contents of '/Users/runner/work/Harite/Harite'
Test matrix (macos-latest, 3.12)	Checkout repository	2026-03-12T15:02:19.7183400Z ##[group]Initializing the repository
Test matrix (macos-latest, 3.12)	Checkout repository	2026-03-12T15:02:19.7188500Z [command]/opt/homebrew/bin/git init /Users/runner/work/Harite/Harite
Test matrix (macos-latest, 3.12)	Checkout repository	2026-03-12T15:02:20.0588570Z hint: Using 'master' as the name for the initial branch. This default branch name
Test matrix (macos-latest, 3.12)	Checkout repository	2026-03-12T15:02:20.0590910Z hint: will change to "main" in Git 3.0. To configure the initial branch name
Test matrix (macos-latest, 3.12)	Checkout repository	2026-03-12T15:02:20.0592170Z hint: to use in all of your new repositories, which will suppress this warning,
Test matrix (macos-latest, 3.12)	Checkout repository	2026-03-12T15:02:20.0593170Z hint: call:
Test matrix (macos-latest, 3.12)	Checkout repository	2026-03-12T15:02:20.0593850Z hint:
Test matrix (macos-latest, 3.12)	Checkout repository	2026-03-12T15:02:20.0594880Z hint: 	git config --global init.defaultBranch <name>
Test matrix (macos-latest, 3.12)	Checkout repository	2026-03-12T15:02:20.0595800Z hint:
Test matrix (macos-latest, 3.12)	Checkout repository	2026-03-12T15:02:20.0597050Z hint: Names commonly chosen instead of 'master' are 'main', 'trunk' and
Test matrix (macos-latest, 3.12)	Checkout repository	2026-03-12T15:02:20.0598490Z hint: 'development'. The just-created branch can be renamed via this command:
Test matrix (macos-latest, 3.12)	Checkout repository	2026-03-12T15:02:20.0599590Z hint:
Test matrix (macos-latest, 3.12)	Checkout repository	2026-03-12T15:02:20.0601390Z hint: 	git branch -m <name>
Test matrix (macos-latest, 3.12)	Checkout repository	2026-03-12T15:02:20.0602510Z hint:
Test matrix (macos-latest, 3.12)	Checkout repository	2026-03-12T15:02:20.0605470Z hint: Disable this message with "git config set advice.defaultBranchName false"
Test matrix (macos-latest, 3.12)	Checkout repository	2026-03-12T15:02:20.0611300Z Initialized empty Git repository in /Users/runner/work/Harite/Harite/.git/
Test matrix (macos-latest, 3.12)	Checkout repository	2026-03-12T15:02:20.0625400Z [command]/opt/homebrew/bin/git remote add origin https://github.com/oggy8021/Harite
Test matrix (macos-latest, 3.12)	Checkout repository	2026-03-12T15:02:20.0711520Z ##[endgroup]
Test matrix (macos-latest, 3.12)	Checkout repository	2026-03-12T15:02:20.0714290Z ##[group]Disabling automatic garbage collection
Test matrix (macos-latest, 3.12)	Checkout repository	2026-03-12T15:02:20.0727060Z [command]/opt/homebrew/bin/git config --local gc.auto 0
Test matrix (macos-latest, 3.12)	Checkout repository	2026-03-12T15:02:20.0822130Z ##[endgroup]
Test matrix (macos-latest, 3.12)	Checkout repository	2026-03-12T15:02:20.0823390Z ##[group]Setting up auth
Test matrix (macos-latest, 3.12)	Checkout repository	2026-03-12T15:02:20.0838110Z [command]/opt/homebrew/bin/git config --local --name-only --get-regexp core\.sshCommand
Test matrix (macos-latest, 3.12)	Checkout repository	2026-03-12T15:02:20.0961550Z [command]/opt/homebrew/bin/git submodule foreach --recursive sh -c "git config --local --name-only --get-regexp 'core\.sshCommand' && git config --local --unset-all 'core.sshCommand' || :"
Test matrix (macos-latest, 3.12)	Checkout repository	2026-03-12T15:02:20.3411190Z [command]/opt/homebrew/bin/git config --local --name-only --get-regexp http\.https\:\/\/github\.com\/\.extraheader
Test matrix (macos-latest, 3.12)	Checkout repository	2026-03-12T15:02:20.3477010Z [command]/opt/homebrew/bin/git submodule foreach --recursive sh -c "git config --local --name-only --get-regexp 'http\.https\:\/\/github\.com\/\.extraheader' && git config --local --unset-all 'http.https://github.com/.extraheader' || :"
Test matrix (macos-latest, 3.12)	Checkout repository	2026-03-12T15:02:20.4897030Z [command]/opt/homebrew/bin/git config --local --name-only --get-regexp ^includeIf\.gitdir:
Test matrix (macos-latest, 3.12)	Checkout repository	2026-03-12T15:02:20.4970040Z [command]/opt/homebrew/bin/git submodule foreach --recursive git config --local --show-origin --name-only --get-regexp remote.origin.url
Test matrix (macos-latest, 3.12)	Checkout repository	2026-03-12T15:02:20.6084580Z [command]/opt/homebrew/bin/git config --local http.https://github.com/.extraheader AUTHORIZATION: basic ***
Test matrix (macos-latest, 3.12)	Checkout repository	2026-03-12T15:02:20.6301420Z ##[endgroup]
Test matrix (macos-latest, 3.12)	Checkout repository	2026-03-12T15:02:20.6304240Z ##[group]Fetching the repository
Test matrix (macos-latest, 3.12)	Checkout repository	2026-03-12T15:02:20.6314170Z [command]/opt/homebrew/bin/git -c protocol.version=2 fetch --no-tags --prune --no-recurse-submodules --depth=1 origin +e34db03ff9b90ee228e8d443f90dd83745dfa8dd:refs/remotes/origin/feature/monitor-split
Test matrix (macos-latest, 3.12)	Checkout repository	2026-03-12T15:02:21.2655440Z From https://github.com/oggy8021/Harite
Test matrix (macos-latest, 3.12)	Checkout repository	2026-03-12T15:02:21.2661110Z  * [new ref]         e34db03ff9b90ee228e8d443f90dd83745dfa8dd -> origin/feature/monitor-split
Test matrix (macos-latest, 3.12)	Checkout repository	2026-03-12T15:02:21.2795430Z ##[endgroup]
Test matrix (macos-latest, 3.12)	Checkout repository	2026-03-12T15:02:21.2799830Z ##[group]Determining the checkout info
Test matrix (macos-latest, 3.12)	Checkout repository	2026-03-12T15:02:21.2809060Z ##[endgroup]
Test matrix (macos-latest, 3.12)	Checkout repository	2026-03-12T15:02:21.2817140Z [command]/opt/homebrew/bin/git sparse-checkout disable
Test matrix (macos-latest, 3.12)	Checkout repository	2026-03-12T15:02:21.2955550Z [command]/opt/homebrew/bin/git config --local --unset-all extensions.worktreeConfig
Test matrix (macos-latest, 3.12)	Checkout repository	2026-03-12T15:02:21.3294590Z ##[group]Checking out the ref
Test matrix (macos-latest, 3.12)	Checkout repository	2026-03-12T15:02:21.3297620Z [command]/opt/homebrew/bin/git checkout --progress --force -B feature/monitor-split refs/remotes/origin/feature/monitor-split
Test matrix (macos-latest, 3.12)	Checkout repository	2026-03-12T15:02:21.3500710Z Switched to a new branch 'feature/monitor-split'
Test matrix (macos-latest, 3.12)	Checkout repository	2026-03-12T15:02:21.3506750Z branch 'feature/monitor-split' set up to track 'origin/feature/monitor-split'.
Test matrix (macos-latest, 3.12)	Checkout repository	2026-03-12T15:02:21.3516410Z ##[endgroup]
Test matrix (macos-latest, 3.12)	Checkout repository	2026-03-12T15:02:21.3621590Z [command]/opt/homebrew/bin/git log -1 --format=%H
Test matrix (macos-latest, 3.12)	Checkout repository	2026-03-12T15:02:21.3735640Z e34db03ff9b90ee228e8d443f90dd83745dfa8dd
Test matrix (macos-latest, 3.12)	Setup Python	﻿2026-03-12T15:02:21.4133390Z ##[group]Run actions/setup-python@v4
Test matrix (macos-latest, 3.12)	Setup Python	2026-03-12T15:02:21.4134390Z with:
Test matrix (macos-latest, 3.12)	Setup Python	2026-03-12T15:02:21.4134980Z   python-version: 3.12
Test matrix (macos-latest, 3.12)	Setup Python	2026-03-12T15:02:21.4135680Z   check-latest: false
Test matrix (macos-latest, 3.12)	Setup Python	2026-03-12T15:02:21.4136770Z   token: ***
Test matrix (macos-latest, 3.12)	Setup Python	2026-03-12T15:02:21.4137370Z   update-environment: true
Test matrix (macos-latest, 3.12)	Setup Python	2026-03-12T15:02:21.4138100Z   allow-prereleases: false
Test matrix (macos-latest, 3.12)	Setup Python	2026-03-12T15:02:21.4138730Z ##[endgroup]
Test matrix (macos-latest, 3.12)	Setup Python	2026-03-12T15:02:21.6315470Z ##[group]Installed versions
Test matrix (macos-latest, 3.12)	Setup Python	2026-03-12T15:02:21.6377830Z Successfully set up CPython (3.12.10)
Test matrix (macos-latest, 3.12)	Setup Python	2026-03-12T15:02:21.6379180Z ##[endgroup]
Test matrix (macos-latest, 3.12)	Cache pip	﻿2026-03-12T15:02:21.8525480Z ##[group]Run actions/cache@v4
Test matrix (macos-latest, 3.12)	Cache pip	2026-03-12T15:02:21.8526360Z with:
Test matrix (macos-latest, 3.12)	Cache pip	2026-03-12T15:02:21.8526860Z   path: ~/.cache/pip
Test matrix (macos-latest, 3.12)	Cache pip	2026-03-12T15:02:21.8527940Z   key: macOS-pip-df4bc6ceae1c664ba6a4b8adcb99f1e14933abc7299e2d0f1ab5f5eb0399ab1a
Test matrix (macos-latest, 3.12)	Cache pip	2026-03-12T15:02:21.8529080Z   restore-keys: macOS-pip-
Test matrix (macos-latest, 3.12)	Cache pip	
Test matrix (macos-latest, 3.12)	Cache pip	2026-03-12T15:02:21.8529730Z   enableCrossOsArchive: false
Test matrix (macos-latest, 3.12)	Cache pip	2026-03-12T15:02:21.8530410Z   fail-on-cache-miss: false
Test matrix (macos-latest, 3.12)	Cache pip	2026-03-12T15:02:21.8531010Z   lookup-only: false
Test matrix (macos-latest, 3.12)	Cache pip	2026-03-12T15:02:21.8531660Z   save-always: false
Test matrix (macos-latest, 3.12)	Cache pip	2026-03-12T15:02:21.8532200Z env:
Test matrix (macos-latest, 3.12)	Cache pip	2026-03-12T15:02:21.8532940Z   pythonLocation: /Users/runner/hostedtoolcache/Python/3.12.10/arm64
Test matrix (macos-latest, 3.12)	Cache pip	2026-03-12T15:02:21.8534210Z   PKG_CONFIG_PATH: /Users/runner/hostedtoolcache/Python/3.12.10/arm64/lib/pkgconfig
Test matrix (macos-latest, 3.12)	Cache pip	2026-03-12T15:02:21.8535490Z   Python_ROOT_DIR: /Users/runner/hostedtoolcache/Python/3.12.10/arm64
Test matrix (macos-latest, 3.12)	Cache pip	2026-03-12T15:02:21.8536660Z   Python2_ROOT_DIR: /Users/runner/hostedtoolcache/Python/3.12.10/arm64
Test matrix (macos-latest, 3.12)	Cache pip	2026-03-12T15:02:21.8539010Z   Python3_ROOT_DIR: /Users/runner/hostedtoolcache/Python/3.12.10/arm64
Test matrix (macos-latest, 3.12)	Cache pip	2026-03-12T15:02:21.8540060Z ##[endgroup]
Test matrix (macos-latest, 3.12)	Cache pip	2026-03-12T15:02:22.3837510Z Cache not found for input keys: macOS-pip-df4bc6ceae1c664ba6a4b8adcb99f1e14933abc7299e2d0f1ab5f5eb0399ab1a, macOS-pip-
Test matrix (macos-latest, 3.12)	Install dependencies	﻿2026-03-12T15:02:22.4011970Z ##[group]Run python -m pip install --upgrade pip
Test matrix (macos-latest, 3.12)	Install dependencies	2026-03-12T15:02:22.4013090Z [36;1mpython -m pip install --upgrade pip[0m
Test matrix (macos-latest, 3.12)	Install dependencies	2026-03-12T15:02:22.4013830Z [36;1mpip install -e .[0m
Test matrix (macos-latest, 3.12)	Install dependencies	2026-03-12T15:02:22.4014540Z [36;1mpip install pytest[0m
Test matrix (macos-latest, 3.12)	Install dependencies	2026-03-12T15:02:22.4103440Z shell: /bin/bash -e {0}
Test matrix (macos-latest, 3.12)	Install dependencies	2026-03-12T15:02:22.4105000Z env:
Test matrix (macos-latest, 3.12)	Install dependencies	2026-03-12T15:02:22.4106790Z   pythonLocation: /Users/runner/hostedtoolcache/Python/3.12.10/arm64
Test matrix (macos-latest, 3.12)	Install dependencies	2026-03-12T15:02:22.4110290Z   PKG_CONFIG_PATH: /Users/runner/hostedtoolcache/Python/3.12.10/arm64/lib/pkgconfig
Test matrix (macos-latest, 3.12)	Install dependencies	2026-03-12T15:02:22.4113260Z   Python_ROOT_DIR: /Users/runner/hostedtoolcache/Python/3.12.10/arm64
Test matrix (macos-latest, 3.12)	Install dependencies	2026-03-12T15:02:22.4114490Z   Python2_ROOT_DIR: /Users/runner/hostedtoolcache/Python/3.12.10/arm64
Test matrix (macos-latest, 3.12)	Install dependencies	2026-03-12T15:02:22.4116370Z   Python3_ROOT_DIR: /Users/runner/hostedtoolcache/Python/3.12.10/arm64
Test matrix (macos-latest, 3.12)	Install dependencies	2026-03-12T15:02:22.4119250Z ##[endgroup]
Test matrix (macos-latest, 3.12)	Install dependencies	2026-03-12T15:02:24.1339020Z Requirement already satisfied: pip in /Library/Frameworks/Python.framework/Versions/3.12/lib/python3.12/site-packages (26.0.1)
Test matrix (macos-latest, 3.12)	Install dependencies	2026-03-12T15:02:24.9206170Z Obtaining file:///Users/runner/work/Harite/Harite
Test matrix (macos-latest, 3.12)	Install dependencies	2026-03-12T15:02:24.9228430Z   Installing build dependencies: started
Test matrix (macos-latest, 3.12)	Install dependencies	2026-03-12T15:02:25.9567850Z   Installing build dependencies: finished with status 'done'
Test matrix (macos-latest, 3.12)	Install dependencies	2026-03-12T15:02:25.9575630Z   Checking if build backend supports build_editable: started
Test matrix (macos-latest, 3.12)	Install dependencies	2026-03-12T15:02:26.3496540Z   Checking if build backend supports build_editable: finished with status 'done'
Test matrix (macos-latest, 3.12)	Install dependencies	2026-03-12T15:02:26.3585800Z   Getting requirements to build editable: started
Test matrix (macos-latest, 3.12)	Install dependencies	2026-03-12T15:02:26.8821130Z   Getting requirements to build editable: finished with status 'done'
Test matrix (macos-latest, 3.12)	Install dependencies	2026-03-12T15:02:26.8849610Z   Preparing editable metadata (pyproject.toml): started
Test matrix (macos-latest, 3.12)	Install dependencies	2026-03-12T15:02:27.1040160Z   Preparing editable metadata (pyproject.toml): finished with status 'done'
Test matrix (macos-latest, 3.12)	Install dependencies	2026-03-12T15:02:27.1830180Z Collecting typer>=0.9 (from harite==0.0.0)
Test matrix (macos-latest, 3.12)	Install dependencies	2026-03-12T15:02:27.2263040Z   Downloading typer-0.24.1-py3-none-any.whl.metadata (16 kB)
Test matrix (macos-latest, 3.12)	Install dependencies	2026-03-12T15:02:27.4132630Z Collecting Pillow>=10.0 (from harite==0.0.0)
Test matrix (macos-latest, 3.12)	Install dependencies	2026-03-12T15:02:27.4233280Z   Downloading pillow-12.1.1-cp312-cp312-macosx_11_0_arm64.whl.metadata (8.8 kB)
Test matrix (macos-latest, 3.12)	Install dependencies	2026-03-12T15:02:27.4512260Z Collecting click>=8.2.1 (from typer>=0.9->harite==0.0.0)
Test matrix (macos-latest, 3.12)	Install dependencies	2026-03-12T15:02:27.4560760Z   Downloading click-8.3.1-py3-none-any.whl.metadata (2.6 kB)
Test matrix (macos-latest, 3.12)	Install dependencies	2026-03-12T15:02:27.4736100Z Collecting shellingham>=1.3.0 (from typer>=0.9->harite==0.0.0)
Test matrix (macos-latest, 3.12)	Install dependencies	2026-03-12T15:02:27.4796170Z   Downloading shellingham-1.5.4-py2.py3-none-any.whl.metadata (3.5 kB)
Test matrix (macos-latest, 3.12)	Install dependencies	2026-03-12T15:02:27.5427530Z Collecting rich>=12.3.0 (from typer>=0.9->harite==0.0.0)
Test matrix (macos-latest, 3.12)	Install dependencies	2026-03-12T15:02:27.5479870Z   Downloading rich-14.3.3-py3-none-any.whl.metadata (18 kB)
Test matrix (macos-latest, 3.12)	Install dependencies	2026-03-12T15:02:27.5795530Z Collecting annotated-doc>=0.0.2 (from typer>=0.9->harite==0.0.0)
Test matrix (macos-latest, 3.12)	Install dependencies	2026-03-12T15:02:27.5835730Z   Downloading annotated_doc-0.0.4-py3-none-any.whl.metadata (6.6 kB)
Test matrix (macos-latest, 3.12)	Install dependencies	2026-03-12T15:02:27.6067300Z Collecting markdown-it-py>=2.2.0 (from rich>=12.3.0->typer>=0.9->harite==0.0.0)
Test matrix (macos-latest, 3.12)	Install dependencies	2026-03-12T15:02:27.6134120Z   Downloading markdown_it_py-4.0.0-py3-none-any.whl.metadata (7.3 kB)
Test matrix (macos-latest, 3.12)	Install dependencies	2026-03-12T15:02:27.6375510Z Collecting pygments<3.0.0,>=2.13.0 (from rich>=12.3.0->typer>=0.9->harite==0.0.0)
Test matrix (macos-latest, 3.12)	Install dependencies	2026-03-12T15:02:27.6439600Z   Downloading pygments-2.19.2-py3-none-any.whl.metadata (2.5 kB)
Test matrix (macos-latest, 3.12)	Install dependencies	2026-03-12T15:02:27.6634560Z Collecting mdurl~=0.1 (from markdown-it-py>=2.2.0->rich>=12.3.0->typer>=0.9->harite==0.0.0)
Test matrix (macos-latest, 3.12)	Install dependencies	2026-03-12T15:02:27.6676340Z   Downloading mdurl-0.1.2-py3-none-any.whl.metadata (1.6 kB)
Test matrix (macos-latest, 3.12)	Install dependencies	2026-03-12T15:02:27.6838040Z Downloading pillow-12.1.1-cp312-cp312-macosx_11_0_arm64.whl (4.7 MB)
Test matrix (macos-latest, 3.12)	Install dependencies	2026-03-12T15:02:27.7507700Z    ━━━━━━━━━━━━━━━━━━━━━━━━━━━━━━━━━━━━━━━━ 4.7/4.7 MB 79.0 MB/s  0:00:00
Test matrix (macos-latest, 3.12)	Install dependencies	2026-03-12T15:02:27.7635230Z Downloading typer-0.24.1-py3-none-any.whl (56 kB)
Test matrix (macos-latest, 3.12)	Install dependencies	2026-03-12T15:02:27.7745230Z Downloading annotated_doc-0.0.4-py3-none-any.whl (5.3 kB)
Test matrix (macos-latest, 3.12)	Install dependencies	2026-03-12T15:02:27.7859030Z Downloading click-8.3.1-py3-none-any.whl (108 kB)
Test matrix (macos-latest, 3.12)	Install dependencies	2026-03-12T15:02:27.7998130Z Downloading rich-14.3.3-py3-none-any.whl (310 kB)
Test matrix (macos-latest, 3.12)	Install dependencies	2026-03-12T15:02:27.8128700Z Downloading pygments-2.19.2-py3-none-any.whl (1.2 MB)
Test matrix (macos-latest, 3.12)	Install dependencies	2026-03-12T15:02:27.8489690Z    ━━━━━━━━━━━━━━━━━━━━━━━━━━━━━━━━━━━━━━━━ 1.2/1.2 MB 28.7 MB/s  0:00:00
Test matrix (macos-latest, 3.12)	Install dependencies	2026-03-12T15:02:27.8696360Z Downloading markdown_it_py-4.0.0-py3-none-any.whl (87 kB)
Test matrix (macos-latest, 3.12)	Install dependencies	2026-03-12T15:02:27.8813090Z Downloading mdurl-0.1.2-py3-none-any.whl (10.0 kB)
Test matrix (macos-latest, 3.12)	Install dependencies	2026-03-12T15:02:27.8902780Z Downloading shellingham-1.5.4-py2.py3-none-any.whl (9.8 kB)
Test matrix (macos-latest, 3.12)	Install dependencies	2026-03-12T15:02:27.9063910Z Building wheels for collected packages: harite
Test matrix (macos-latest, 3.12)	Install dependencies	2026-03-12T15:02:27.9081650Z   Building editable for harite (pyproject.toml): started
Test matrix (macos-latest, 3.12)	Install dependencies	2026-03-12T15:02:28.1866500Z   Building editable for harite (pyproject.toml): finished with status 'done'
Test matrix (macos-latest, 3.12)	Install dependencies	2026-03-12T15:02:28.1874650Z   Created wheel for harite: filename=harite-0.0.0-0.editable-py3-none-any.whl size=1476 sha256=5122c2d96c80970afa1e57e7b9f843e324d9c9eb6cc5a07178494168b23fd2fb
Test matrix (macos-latest, 3.12)	Install dependencies	2026-03-12T15:02:28.1878520Z   Stored in directory: /private/var/folders/t5/f77_gwnj6p95qxy9py3fckx00000gn/T/pip-ephem-wheel-cache-b320lntu/wheels/fd/e3/69/b5fe9c07bfd7db7ca862055dae531d95eb22544839922bcc1d
Test matrix (macos-latest, 3.12)	Install dependencies	2026-03-12T15:02:28.1889380Z Successfully built harite
Test matrix (macos-latest, 3.12)	Install dependencies	2026-03-12T15:02:28.2028170Z Installing collected packages: shellingham, pygments, Pillow, mdurl, click, annotated-doc, markdown-it-py, rich, typer, harite
Test matrix (macos-latest, 3.12)	Install dependencies	2026-03-12T15:02:30.0684450Z 
Test matrix (macos-latest, 3.12)	Install dependencies	2026-03-12T15:02:30.0694990Z Successfully installed Pillow-12.1.1 annotated-doc-0.0.4 click-8.3.1 harite-0.0.0 markdown-it-py-4.0.0 mdurl-0.1.2 pygments-2.19.2 rich-14.3.3 shellingham-1.5.4 typer-0.24.1
Test matrix (macos-latest, 3.12)	Install dependencies	2026-03-12T15:02:30.7269580Z Collecting pytest
Test matrix (macos-latest, 3.12)	Install dependencies	2026-03-12T15:02:30.7660790Z   Downloading pytest-9.0.2-py3-none-any.whl.metadata (7.6 kB)
Test matrix (macos-latest, 3.12)	Install dependencies	2026-03-12T15:02:30.7888300Z Collecting iniconfig>=1.0.1 (from pytest)
Test matrix (macos-latest, 3.12)	Install dependencies	2026-03-12T15:02:30.7948280Z   Downloading iniconfig-2.3.0-py3-none-any.whl.metadata (2.5 kB)
Test matrix (macos-latest, 3.12)	Install dependencies	2026-03-12T15:02:30.8134450Z Collecting packaging>=22 (from pytest)
Test matrix (macos-latest, 3.12)	Install dependencies	2026-03-12T15:02:30.8154500Z   Using cached packaging-26.0-py3-none-any.whl.metadata (3.3 kB)
Test matrix (macos-latest, 3.12)	Install dependencies	2026-03-12T15:02:30.8296460Z Collecting pluggy<2,>=1.5 (from pytest)
Test matrix (macos-latest, 3.12)	Install dependencies	2026-03-12T15:02:30.8355820Z   Downloading pluggy-1.6.0-py3-none-any.whl.metadata (4.8 kB)
Test matrix (macos-latest, 3.12)	Install dependencies	2026-03-12T15:02:30.8424550Z Requirement already satisfied: pygments>=2.7.2 in /Library/Frameworks/Python.framework/Versions/3.12/lib/python3.12/site-packages (from pytest) (2.19.2)
Test matrix (macos-latest, 3.12)	Install dependencies	2026-03-12T15:02:30.8470970Z Downloading pytest-9.0.2-py3-none-any.whl (374 kB)
Test matrix (macos-latest, 3.12)	Install dependencies	2026-03-12T15:02:30.8723970Z Downloading pluggy-1.6.0-py3-none-any.whl (20 kB)
Test matrix (macos-latest, 3.12)	Install dependencies	2026-03-12T15:02:30.8804780Z Downloading iniconfig-2.3.0-py3-none-any.whl (7.5 kB)
Test matrix (macos-latest, 3.12)	Install dependencies	2026-03-12T15:02:30.8850380Z Using cached packaging-26.0-py3-none-any.whl (74 kB)
Test matrix (macos-latest, 3.12)	Install dependencies	2026-03-12T15:02:30.9118490Z Installing collected packages: pluggy, packaging, iniconfig, pytest
Test matrix (macos-latest, 3.12)	Install dependencies	2026-03-12T15:02:31.3416480Z 
Test matrix (macos-latest, 3.12)	Install dependencies	2026-03-12T15:02:31.3430030Z Successfully installed iniconfig-2.3.0 packaging-26.0 pluggy-1.6.0 pytest-9.0.2
Test matrix (macos-latest, 3.12)	Run tests	﻿2026-03-12T15:02:31.3870290Z ##[group]Run pytest -q
Test matrix (macos-latest, 3.12)	Run tests	2026-03-12T15:02:31.3870560Z [36;1mpytest -q[0m
Test matrix (macos-latest, 3.12)	Run tests	2026-03-12T15:02:31.3910760Z shell: /bin/bash -e {0}
Test matrix (macos-latest, 3.12)	Run tests	2026-03-12T15:02:31.3911140Z env:
Test matrix (macos-latest, 3.12)	Run tests	2026-03-12T15:02:31.3911410Z   pythonLocation: /Users/runner/hostedtoolcache/Python/3.12.10/arm64
Test matrix (macos-latest, 3.12)	Run tests	2026-03-12T15:02:31.3911870Z   PKG_CONFIG_PATH: /Users/runner/hostedtoolcache/Python/3.12.10/arm64/lib/pkgconfig
Test matrix (macos-latest, 3.12)	Run tests	2026-03-12T15:02:31.3912450Z   Python_ROOT_DIR: /Users/runner/hostedtoolcache/Python/3.12.10/arm64
Test matrix (macos-latest, 3.12)	Run tests	2026-03-12T15:02:31.3912850Z   Python2_ROOT_DIR: /Users/runner/hostedtoolcache/Python/3.12.10/arm64
Test matrix (macos-latest, 3.12)	Run tests	2026-03-12T15:02:31.3913580Z   Python3_ROOT_DIR: /Users/runner/hostedtoolcache/Python/3.12.10/arm64
Test matrix (macos-latest, 3.12)	Run tests	2026-03-12T15:02:31.3913990Z ##[endgroup]
Test matrix (macos-latest, 3.12)	Run tests	2026-03-12T15:02:32.2565780Z .............................                                            [100%]
Test matrix (macos-latest, 3.12)	Run tests	2026-03-12T15:02:32.2566480Z 29 passed in 0.64s
Test matrix (macos-latest, 3.12)	Post Cache pip	﻿2026-03-12T15:02:32.5811080Z Post job cleanup.
Test matrix (macos-latest, 3.12)	Post Cache pip	2026-03-12T15:02:32.7114440Z [warning]Path Validation Error: Path(s) specified in the action for caching do(es) not exist, hence no cache is being saved.
Test matrix (macos-latest, 3.12)	Post Setup Python	﻿2026-03-12T15:02:32.7163200Z Post job cleanup.
Test matrix (macos-latest, 3.12)	Post Checkout repository	﻿2026-03-12T15:02:32.8635340Z Post job cleanup.
Test matrix (macos-latest, 3.12)	Post Checkout repository	2026-03-12T15:02:32.9512870Z [command]/opt/homebrew/bin/git version
Test matrix (macos-latest, 3.12)	Post Checkout repository	2026-03-12T15:02:32.9698190Z git version 2.53.0
Test matrix (macos-latest, 3.12)	Post Checkout repository	2026-03-12T15:02:32.9724420Z Copying '/Users/runner/.gitconfig' to '/Users/runner/work/_temp/805d3119-c1c6-4f97-b412-2467be3b8545/.gitconfig'
Test matrix (macos-latest, 3.12)	Post Checkout repository	2026-03-12T15:02:32.9744070Z Temporarily overriding HOME='/Users/runner/work/_temp/805d3119-c1c6-4f97-b412-2467be3b8545' before making global git config changes
Test matrix (macos-latest, 3.12)	Post Checkout repository	2026-03-12T15:02:32.9760630Z Adding repository directory to the temporary git global config as a safe directory
Test matrix (macos-latest, 3.12)	Post Checkout repository	2026-03-12T15:02:32.9761280Z [command]/opt/homebrew/bin/git config --global --add safe.directory /Users/runner/work/Harite/Harite
Test matrix (macos-latest, 3.12)	Post Checkout repository	2026-03-12T15:02:32.9838990Z [command]/opt/homebrew/bin/git config --local --name-only --get-regexp core\.sshCommand
Test matrix (macos-latest, 3.12)	Post Checkout repository	2026-03-12T15:02:32.9915790Z [command]/opt/homebrew/bin/git submodule foreach --recursive sh -c "git config --local --name-only --get-regexp 'core\.sshCommand' && git config --local --unset-all 'core.sshCommand' || :"
Test matrix (macos-latest, 3.12)	Post Checkout repository	2026-03-12T15:02:33.0687400Z [command]/opt/homebrew/bin/git config --local --name-only --get-regexp http\.https\:\/\/github\.com\/\.extraheader
Test matrix (macos-latest, 3.12)	Post Checkout repository	2026-03-12T15:02:33.0737910Z http.https://github.com/.extraheader
Test matrix (macos-latest, 3.12)	Post Checkout repository	2026-03-12T15:02:33.0747630Z [command]/opt/homebrew/bin/git config --local --unset-all http.https://github.com/.extraheader
Test matrix (macos-latest, 3.12)	Post Checkout repository	2026-03-12T15:02:33.0809870Z [command]/opt/homebrew/bin/git submodule foreach --recursive sh -c "git config --local --name-only --get-regexp 'http\.https\:\/\/github\.com\/\.extraheader' && git config --local --unset-all 'http.https://github.com/.extraheader' || :"
Test matrix (macos-latest, 3.12)	Post Checkout repository	2026-03-12T15:02:33.1537880Z [command]/opt/homebrew/bin/git config --local --name-only --get-regexp ^includeIf\.gitdir:
Test matrix (macos-latest, 3.12)	Post Checkout repository	2026-03-12T15:02:33.1596430Z [command]/opt/homebrew/bin/git submodule foreach --recursive git config --local --show-origin --name-only --get-regexp remote.origin.url
Test matrix (macos-latest, 3.12)	Complete job	﻿2026-03-12T15:02:33.3035420Z Cleaning up orphan processes
Test matrix (macos-latest, 3.12)	Complete job	2026-03-12T15:02:33.8846880Z ##[warning]Node.js 20 actions are deprecated. The following actions are running on Node.js 20 and may not work as expected: actions/cache@v4, actions/checkout@v4, actions/setup-python@v4. Actions will be forced to run with Node.js 24 by default starting June 2nd, 2026. Please check if updated versions of these actions are available that support Node.js 24. To opt into Node.js 24 now, set the FORCE_JAVASCRIPT_ACTIONS_TO_NODE24=true environment variable on the runner or in your workflow file. Once Node.js 24 becomes the default, you can temporarily opt out by setting ACTIONS_ALLOW_USE_UNSECURE_NODE_VERSION=true. For more information see: https://github.blog/changelog/2025-09-19-deprecation-of-node-20-on-github-actions-runners/
Test matrix (windows-latest, 3.12)	Set up job	﻿2026-03-12T15:02:18.4696581Z Current runner version: '2.332.0'
Test matrix (windows-latest, 3.12)	Set up job	2026-03-12T15:02:18.6013240Z ##[group]Runner Image Provisioner
Test matrix (windows-latest, 3.12)	Set up job	2026-03-12T15:02:18.6014032Z Hosted Compute Agent
Test matrix (windows-latest, 3.12)	Set up job	2026-03-12T15:02:18.6014535Z Version: 20260213.493
Test matrix (windows-latest, 3.12)	Set up job	2026-03-12T15:02:18.6015087Z Commit: 5c115507f6dd24b8de37d8bbe0bb4509d0cc0fa3
Test matrix (windows-latest, 3.12)	Set up job	2026-03-12T15:02:18.6015692Z Build Date: 2026-02-13T00:28:41Z
Test matrix (windows-latest, 3.12)	Set up job	2026-03-12T15:02:18.6016318Z Worker ID: {b4244dfc-c96a-4a86-adf2-bcb77ce6c34f}
Test matrix (windows-latest, 3.12)	Set up job	2026-03-12T15:02:18.6016908Z Azure Region: westus
Test matrix (windows-latest, 3.12)	Set up job	2026-03-12T15:02:18.6017385Z ##[endgroup]
Test matrix (windows-latest, 3.12)	Set up job	2026-03-12T15:02:18.6018683Z ##[group]Operating System
Test matrix (windows-latest, 3.12)	Set up job	2026-03-12T15:02:18.6019240Z Microsoft Windows Server 2025
Test matrix (windows-latest, 3.12)	Set up job	2026-03-12T15:02:18.6019747Z 10.0.26100
Test matrix (windows-latest, 3.12)	Set up job	2026-03-12T15:02:18.6020163Z Datacenter
Test matrix (windows-latest, 3.12)	Set up job	2026-03-12T15:02:18.6020587Z ##[endgroup]
Test matrix (windows-latest, 3.12)	Set up job	2026-03-12T15:02:18.6020997Z ##[group]Runner Image
Test matrix (windows-latest, 3.12)	Set up job	2026-03-12T15:02:18.6021505Z Image: windows-2025
Test matrix (windows-latest, 3.12)	Set up job	2026-03-12T15:02:18.6021933Z Version: 20260302.43.1
Test matrix (windows-latest, 3.12)	Set up job	2026-03-12T15:02:18.6022869Z Included Software: https://github.com/actions/runner-images/blob/win25/20260302.43/images/windows/Windows2025-Readme.md
Test matrix (windows-latest, 3.12)	Set up job	2026-03-12T15:02:18.6024900Z Image Release: https://github.com/actions/runner-images/releases/tag/win25%2F20260302.43
Test matrix (windows-latest, 3.12)	Set up job	2026-03-12T15:02:18.6025752Z ##[endgroup]
Test matrix (windows-latest, 3.12)	Set up job	2026-03-12T15:02:18.6027020Z ##[group]GITHUB_TOKEN Permissions
Test matrix (windows-latest, 3.12)	Set up job	2026-03-12T15:02:18.6029153Z Contents: read
Test matrix (windows-latest, 3.12)	Set up job	2026-03-12T15:02:18.6029899Z Metadata: read
Test matrix (windows-latest, 3.12)	Set up job	2026-03-12T15:02:18.6030688Z Packages: read
Test matrix (windows-latest, 3.12)	Set up job	2026-03-12T15:02:18.6031157Z ##[endgroup]
Test matrix (windows-latest, 3.12)	Set up job	2026-03-12T15:02:18.6033255Z Secret source: Actions
Test matrix (windows-latest, 3.12)	Set up job	2026-03-12T15:02:18.6033905Z Prepare workflow directory
Test matrix (windows-latest, 3.12)	Set up job	2026-03-12T15:02:18.6378065Z Prepare all required actions
Test matrix (windows-latest, 3.12)	Set up job	2026-03-12T15:02:18.6415650Z Getting action download info
Test matrix (windows-latest, 3.12)	Set up job	2026-03-12T15:02:19.1221843Z Download action repository 'actions/checkout@v4' (SHA:34e114876b0b11c390a56381ad16ebd13914f8d5)
Test matrix (windows-latest, 3.12)	Set up job	2026-03-12T15:02:19.2943211Z Download action repository 'actions/setup-python@v4' (SHA:7f4fc3e22c37d6ff65e88745f38bd3157c663f7c)
Test matrix (windows-latest, 3.12)	Set up job	2026-03-12T15:02:19.5776430Z Download action repository 'actions/cache@v4' (SHA:0057852bfaa89a56745cba8c7296529d2fc39830)
Test matrix (windows-latest, 3.12)	Set up job	2026-03-12T15:02:20.2069427Z Complete job name: Test matrix (windows-latest, 3.12)
Test matrix (windows-latest, 3.12)	Checkout repository	﻿2026-03-12T15:02:20.3566246Z ##[group]Run actions/checkout@v4
Test matrix (windows-latest, 3.12)	Checkout repository	2026-03-12T15:02:20.3567963Z with:
Test matrix (windows-latest, 3.12)	Checkout repository	2026-03-12T15:02:20.3568811Z   repository: oggy8021/Harite
Test matrix (windows-latest, 3.12)	Checkout repository	2026-03-12T15:02:20.3570148Z   token: ***
Test matrix (windows-latest, 3.12)	Checkout repository	2026-03-12T15:02:20.3570863Z   ssh-strict: true
Test matrix (windows-latest, 3.12)	Checkout repository	2026-03-12T15:02:20.3571554Z   ssh-user: git
Test matrix (windows-latest, 3.12)	Checkout repository	2026-03-12T15:02:20.3572251Z   persist-credentials: true
Test matrix (windows-latest, 3.12)	Checkout repository	2026-03-12T15:02:20.3573047Z   clean: true
Test matrix (windows-latest, 3.12)	Checkout repository	2026-03-12T15:02:20.3573752Z   sparse-checkout-cone-mode: true
Test matrix (windows-latest, 3.12)	Checkout repository	2026-03-12T15:02:20.3574631Z   fetch-depth: 1
Test matrix (windows-latest, 3.12)	Checkout repository	2026-03-12T15:02:20.3575320Z   fetch-tags: false
Test matrix (windows-latest, 3.12)	Checkout repository	2026-03-12T15:02:20.3576035Z   show-progress: true
Test matrix (windows-latest, 3.12)	Checkout repository	2026-03-12T15:02:20.3576768Z   lfs: false
Test matrix (windows-latest, 3.12)	Checkout repository	2026-03-12T15:02:20.3577422Z   submodules: false
Test matrix (windows-latest, 3.12)	Checkout repository	2026-03-12T15:02:20.3578143Z   set-safe-directory: true
Test matrix (windows-latest, 3.12)	Checkout repository	2026-03-12T15:02:20.3579556Z ##[endgroup]
Test matrix (windows-latest, 3.12)	Checkout repository	2026-03-12T15:02:20.5230342Z Syncing repository: oggy8021/Harite
Test matrix (windows-latest, 3.12)	Checkout repository	2026-03-12T15:02:20.5232693Z ##[group]Getting Git version info
Test matrix (windows-latest, 3.12)	Checkout repository	2026-03-12T15:02:20.5233756Z Working directory is 'D:\a\Harite\Harite'
Test matrix (windows-latest, 3.12)	Checkout repository	2026-03-12T15:02:20.6559424Z [command]"C:\Program Files\Git\bin\git.exe" version
Test matrix (windows-latest, 3.12)	Checkout repository	2026-03-12T15:02:21.0683202Z git version 2.53.0.windows.1
Test matrix (windows-latest, 3.12)	Checkout repository	2026-03-12T15:02:21.0749389Z ##[endgroup]
Test matrix (windows-latest, 3.12)	Checkout repository	2026-03-12T15:02:21.0773577Z Temporarily overriding HOME='D:\a\_temp\819d6e15-e080-4f9b-a2ec-6a0a1d0741bd' before making global git config changes
Test matrix (windows-latest, 3.12)	Checkout repository	2026-03-12T15:02:21.0777255Z Adding repository directory to the temporary git global config as a safe directory
Test matrix (windows-latest, 3.12)	Checkout repository	2026-03-12T15:02:21.0785617Z [command]"C:\Program Files\Git\bin\git.exe" config --global --add safe.directory D:\a\Harite\Harite
Test matrix (windows-latest, 3.12)	Checkout repository	2026-03-12T15:02:21.1389177Z Deleting the contents of 'D:\a\Harite\Harite'
Test matrix (windows-latest, 3.12)	Checkout repository	2026-03-12T15:02:21.1396572Z ##[group]Initializing the repository
Test matrix (windows-latest, 3.12)	Checkout repository	2026-03-12T15:02:21.1410158Z [command]"C:\Program Files\Git\bin\git.exe" init D:\a\Harite\Harite
Test matrix (windows-latest, 3.12)	Checkout repository	2026-03-12T15:02:21.3232339Z Initialized empty Git repository in D:/a/Harite/Harite/.git/
Test matrix (windows-latest, 3.12)	Checkout repository	2026-03-12T15:02:21.3282891Z [command]"C:\Program Files\Git\bin\git.exe" remote add origin https://github.com/oggy8021/Harite
Test matrix (windows-latest, 3.12)	Checkout repository	2026-03-12T15:02:21.3874459Z ##[endgroup]
Test matrix (windows-latest, 3.12)	Checkout repository	2026-03-12T15:02:21.3875795Z ##[group]Disabling automatic garbage collection
Test matrix (windows-latest, 3.12)	Checkout repository	2026-03-12T15:02:21.3877138Z [command]"C:\Program Files\Git\bin\git.exe" config --local gc.auto 0
Test matrix (windows-latest, 3.12)	Checkout repository	2026-03-12T15:02:21.4151208Z ##[endgroup]
Test matrix (windows-latest, 3.12)	Checkout repository	2026-03-12T15:02:21.4152358Z ##[group]Setting up auth
Test matrix (windows-latest, 3.12)	Checkout repository	2026-03-12T15:02:21.4169881Z [command]"C:\Program Files\Git\bin\git.exe" config --local --name-only --get-regexp core\.sshCommand
Test matrix (windows-latest, 3.12)	Checkout repository	2026-03-12T15:02:21.4472020Z [command]"C:\Program Files\Git\bin\git.exe" submodule foreach --recursive "sh -c \"git config --local --name-only --get-regexp 'core\.sshCommand' && git config --local --unset-all 'core.sshCommand' || :\""
Test matrix (windows-latest, 3.12)	Checkout repository	2026-03-12T15:02:23.0149990Z [command]"C:\Program Files\Git\bin\git.exe" config --local --name-only --get-regexp http\.https\:\/\/github\.com\/\.extraheader
Test matrix (windows-latest, 3.12)	Checkout repository	2026-03-12T15:02:23.0443643Z [command]"C:\Program Files\Git\bin\git.exe" submodule foreach --recursive "sh -c \"git config --local --name-only --get-regexp 'http\.https\:\/\/github\.com\/\.extraheader' && git config --local --unset-all 'http.https://github.com/.extraheader' || :\""
Test matrix (windows-latest, 3.12)	Checkout repository	2026-03-12T15:02:23.5553645Z [command]"C:\Program Files\Git\bin\git.exe" config --local --name-only --get-regexp ^includeIf\.gitdir:
Test matrix (windows-latest, 3.12)	Checkout repository	2026-03-12T15:02:23.5842666Z [command]"C:\Program Files\Git\bin\git.exe" submodule foreach --recursive "git config --local --show-origin --name-only --get-regexp remote.origin.url"
Test matrix (windows-latest, 3.12)	Checkout repository	2026-03-12T15:02:24.0937205Z [command]"C:\Program Files\Git\bin\git.exe" config --local http.https://github.com/.extraheader "AUTHORIZATION: basic ***"
Test matrix (windows-latest, 3.12)	Checkout repository	2026-03-12T15:02:24.1248566Z ##[endgroup]
Test matrix (windows-latest, 3.12)	Checkout repository	2026-03-12T15:02:24.1249273Z ##[group]Fetching the repository
Test matrix (windows-latest, 3.12)	Checkout repository	2026-03-12T15:02:24.1263599Z [command]"C:\Program Files\Git\bin\git.exe" -c protocol.version=2 fetch --no-tags --prune --no-recurse-submodules --depth=1 origin +e34db03ff9b90ee228e8d443f90dd83745dfa8dd:refs/remotes/origin/feature/monitor-split
Test matrix (windows-latest, 3.12)	Checkout repository	2026-03-12T15:02:25.4808735Z From https://github.com/oggy8021/Harite
Test matrix (windows-latest, 3.12)	Checkout repository	2026-03-12T15:02:25.4809589Z  * [new ref]         e34db03ff9b90ee228e8d443f90dd83745dfa8dd -> origin/feature/monitor-split
Test matrix (windows-latest, 3.12)	Checkout repository	2026-03-12T15:02:25.5263503Z ##[endgroup]
Test matrix (windows-latest, 3.12)	Checkout repository	2026-03-12T15:02:25.5264273Z ##[group]Determining the checkout info
Test matrix (windows-latest, 3.12)	Checkout repository	2026-03-12T15:02:25.5267891Z ##[endgroup]
Test matrix (windows-latest, 3.12)	Checkout repository	2026-03-12T15:02:25.5283047Z [command]"C:\Program Files\Git\bin\git.exe" sparse-checkout disable
Test matrix (windows-latest, 3.12)	Checkout repository	2026-03-12T15:02:25.5786307Z [command]"C:\Program Files\Git\bin\git.exe" config --local --unset-all extensions.worktreeConfig
Test matrix (windows-latest, 3.12)	Checkout repository	2026-03-12T15:02:25.6082606Z ##[group]Checking out the ref
Test matrix (windows-latest, 3.12)	Checkout repository	2026-03-12T15:02:25.6091363Z [command]"C:\Program Files\Git\bin\git.exe" checkout --progress --force -B feature/monitor-split refs/remotes/origin/feature/monitor-split
Test matrix (windows-latest, 3.12)	Checkout repository	2026-03-12T15:02:25.6832060Z Switched to a new branch 'feature/monitor-split'
Test matrix (windows-latest, 3.12)	Checkout repository	2026-03-12T15:02:25.6854148Z branch 'feature/monitor-split' set up to track 'origin/feature/monitor-split'.
Test matrix (windows-latest, 3.12)	Checkout repository	2026-03-12T15:02:25.6908412Z ##[endgroup]
Test matrix (windows-latest, 3.12)	Checkout repository	2026-03-12T15:02:25.7387150Z [command]"C:\Program Files\Git\bin\git.exe" log -1 --format=%H
Test matrix (windows-latest, 3.12)	Checkout repository	2026-03-12T15:02:25.7644779Z e34db03ff9b90ee228e8d443f90dd83745dfa8dd
Test matrix (windows-latest, 3.12)	Setup Python	﻿2026-03-12T15:02:25.8061073Z ##[group]Run actions/setup-python@v4
Test matrix (windows-latest, 3.12)	Setup Python	2026-03-12T15:02:25.8061502Z with:
Test matrix (windows-latest, 3.12)	Setup Python	2026-03-12T15:02:25.8061671Z   python-version: 3.12
Test matrix (windows-latest, 3.12)	Setup Python	2026-03-12T15:02:25.8061890Z   check-latest: false
Test matrix (windows-latest, 3.12)	Setup Python	2026-03-12T15:02:25.8062200Z   token: ***
Test matrix (windows-latest, 3.12)	Setup Python	2026-03-12T15:02:25.8062377Z   update-environment: true
Test matrix (windows-latest, 3.12)	Setup Python	2026-03-12T15:02:25.8062588Z   allow-prereleases: false
Test matrix (windows-latest, 3.12)	Setup Python	2026-03-12T15:02:25.8062794Z ##[endgroup]
Test matrix (windows-latest, 3.12)	Setup Python	2026-03-12T15:02:26.0291124Z ##[group]Installed versions
Test matrix (windows-latest, 3.12)	Setup Python	2026-03-12T15:02:26.0564347Z Successfully set up CPython (3.12.10)
Test matrix (windows-latest, 3.12)	Setup Python	2026-03-12T15:02:26.0564864Z ##[endgroup]
Test matrix (windows-latest, 3.12)	Cache pip	﻿2026-03-12T15:02:26.2401016Z ##[group]Run actions/cache@v4
Test matrix (windows-latest, 3.12)	Cache pip	2026-03-12T15:02:26.2401325Z with:
Test matrix (windows-latest, 3.12)	Cache pip	2026-03-12T15:02:26.2401498Z   path: ~/.cache/pip
Test matrix (windows-latest, 3.12)	Cache pip	2026-03-12T15:02:26.2401847Z   key: Windows-pip-4002b4855de3542b71924c7894b4fb19778779aba3eeb6db19731a5b973305ad
Test matrix (windows-latest, 3.12)	Cache pip	2026-03-12T15:02:26.2403039Z   restore-keys: Windows-pip-
Test matrix (windows-latest, 3.12)	Cache pip	
Test matrix (windows-latest, 3.12)	Cache pip	2026-03-12T15:02:26.2403269Z   enableCrossOsArchive: false
Test matrix (windows-latest, 3.12)	Cache pip	2026-03-12T15:02:26.2403478Z   fail-on-cache-miss: false
Test matrix (windows-latest, 3.12)	Cache pip	2026-03-12T15:02:26.2403663Z   lookup-only: false
Test matrix (windows-latest, 3.12)	Cache pip	2026-03-12T15:02:26.2403865Z   save-always: false
Test matrix (windows-latest, 3.12)	Cache pip	2026-03-12T15:02:26.2404363Z env:
Test matrix (windows-latest, 3.12)	Cache pip	2026-03-12T15:02:26.2404602Z   pythonLocation: C:\hostedtoolcache\windows\Python\3.12.10\x64
Test matrix (windows-latest, 3.12)	Cache pip	2026-03-12T15:02:26.2405048Z   PKG_CONFIG_PATH: C:\hostedtoolcache\windows\Python\3.12.10\x64/lib/pkgconfig
Test matrix (windows-latest, 3.12)	Cache pip	2026-03-12T15:02:26.2405464Z   Python_ROOT_DIR: C:\hostedtoolcache\windows\Python\3.12.10\x64
Test matrix (windows-latest, 3.12)	Cache pip	2026-03-12T15:02:26.2405857Z   Python2_ROOT_DIR: C:\hostedtoolcache\windows\Python\3.12.10\x64
Test matrix (windows-latest, 3.12)	Cache pip	2026-03-12T15:02:26.2406223Z   Python3_ROOT_DIR: C:\hostedtoolcache\windows\Python\3.12.10\x64
Test matrix (windows-latest, 3.12)	Cache pip	2026-03-12T15:02:26.2406565Z ##[endgroup]
Test matrix (windows-latest, 3.12)	Cache pip	2026-03-12T15:02:26.9545682Z Cache not found for input keys: Windows-pip-4002b4855de3542b71924c7894b4fb19778779aba3eeb6db19731a5b973305ad, Windows-pip-
Test matrix (windows-latest, 3.12)	Install dependencies	﻿2026-03-12T15:02:26.9863791Z ##[group]Run python -m pip install --upgrade pip
Test matrix (windows-latest, 3.12)	Install dependencies	2026-03-12T15:02:26.9864285Z [36;1mpython -m pip install --upgrade pip[0m
Test matrix (windows-latest, 3.12)	Install dependencies	2026-03-12T15:02:26.9864558Z [36;1mpip install -e .[0m
Test matrix (windows-latest, 3.12)	Install dependencies	2026-03-12T15:02:26.9864756Z [36;1mpip install pytest[0m
Test matrix (windows-latest, 3.12)	Install dependencies	2026-03-12T15:02:27.0715542Z shell: C:\Program Files\PowerShell\7\pwsh.EXE -command ". '{0}'"
Test matrix (windows-latest, 3.12)	Install dependencies	2026-03-12T15:02:27.0715934Z env:
Test matrix (windows-latest, 3.12)	Install dependencies	2026-03-12T15:02:27.0716194Z   pythonLocation: C:\hostedtoolcache\windows\Python\3.12.10\x64
Test matrix (windows-latest, 3.12)	Install dependencies	2026-03-12T15:02:27.0716678Z   PKG_CONFIG_PATH: C:\hostedtoolcache\windows\Python\3.12.10\x64/lib/pkgconfig
Test matrix (windows-latest, 3.12)	Install dependencies	2026-03-12T15:02:27.0717153Z   Python_ROOT_DIR: C:\hostedtoolcache\windows\Python\3.12.10\x64
Test matrix (windows-latest, 3.12)	Install dependencies	2026-03-12T15:02:27.0717578Z   Python2_ROOT_DIR: C:\hostedtoolcache\windows\Python\3.12.10\x64
Test matrix (windows-latest, 3.12)	Install dependencies	2026-03-12T15:02:27.0717998Z   Python3_ROOT_DIR: C:\hostedtoolcache\windows\Python\3.12.10\x64
Test matrix (windows-latest, 3.12)	Install dependencies	2026-03-12T15:02:27.0718317Z ##[endgroup]
Test matrix (windows-latest, 3.12)	Install dependencies	2026-03-12T15:02:37.0084947Z Requirement already satisfied: pip in C:\hostedtoolcache\windows\Python\3.12.10\x64\Lib\site-packages (26.0.1)
Test matrix (windows-latest, 3.12)	Install dependencies	2026-03-12T15:02:38.9458940Z Obtaining file:///D:/a/Harite/Harite
Test matrix (windows-latest, 3.12)	Install dependencies	2026-03-12T15:02:38.9490018Z   Installing build dependencies: started
Test matrix (windows-latest, 3.12)	Install dependencies	2026-03-12T15:02:41.8930894Z   Installing build dependencies: finished with status 'done'
Test matrix (windows-latest, 3.12)	Install dependencies	2026-03-12T15:02:41.8946569Z   Checking if build backend supports build_editable: started
Test matrix (windows-latest, 3.12)	Install dependencies	2026-03-12T15:02:42.3933684Z   Checking if build backend supports build_editable: finished with status 'done'
Test matrix (windows-latest, 3.12)	Install dependencies	2026-03-12T15:02:42.3960484Z   Getting requirements to build editable: started
Test matrix (windows-latest, 3.12)	Install dependencies	2026-03-12T15:02:42.8908866Z   Getting requirements to build editable: finished with status 'done'
Test matrix (windows-latest, 3.12)	Install dependencies	2026-03-12T15:02:42.8936851Z   Preparing editable metadata (pyproject.toml): started
Test matrix (windows-latest, 3.12)	Install dependencies	2026-03-12T15:02:43.2120347Z   Preparing editable metadata (pyproject.toml): finished with status 'done'
Test matrix (windows-latest, 3.12)	Install dependencies	2026-03-12T15:02:43.4886494Z Collecting typer>=0.9 (from harite==0.0.0)
Test matrix (windows-latest, 3.12)	Install dependencies	2026-03-12T15:02:43.6942195Z   Downloading typer-0.24.1-py3-none-any.whl.metadata (16 kB)
Test matrix (windows-latest, 3.12)	Install dependencies	2026-03-12T15:02:44.0373171Z Collecting Pillow>=10.0 (from harite==0.0.0)
Test matrix (windows-latest, 3.12)	Install dependencies	2026-03-12T15:02:44.0419445Z   Downloading pillow-12.1.1-cp312-cp312-win_amd64.whl.metadata (9.0 kB)
Test matrix (windows-latest, 3.12)	Install dependencies	2026-03-12T15:02:44.0934648Z Requirement already satisfied: click>=8.2.1 in C:\hostedtoolcache\windows\Python\3.12.10\x64\Lib\site-packages (from typer>=0.9->harite==0.0.0) (8.3.1)
Test matrix (windows-latest, 3.12)	Install dependencies	2026-03-12T15:02:44.1192660Z Collecting shellingham>=1.3.0 (from typer>=0.9->harite==0.0.0)
Test matrix (windows-latest, 3.12)	Install dependencies	2026-03-12T15:02:44.1238727Z   Downloading shellingham-1.5.4-py2.py3-none-any.whl.metadata (3.5 kB)
Test matrix (windows-latest, 3.12)	Install dependencies	2026-03-12T15:02:44.1912261Z Collecting rich>=12.3.0 (from typer>=0.9->harite==0.0.0)
Test matrix (windows-latest, 3.12)	Install dependencies	2026-03-12T15:02:44.1952697Z   Downloading rich-14.3.3-py3-none-any.whl.metadata (18 kB)
Test matrix (windows-latest, 3.12)	Install dependencies	2026-03-12T15:02:44.2659973Z Collecting annotated-doc>=0.0.2 (from typer>=0.9->harite==0.0.0)
Test matrix (windows-latest, 3.12)	Install dependencies	2026-03-12T15:02:44.2706472Z   Downloading annotated_doc-0.0.4-py3-none-any.whl.metadata (6.6 kB)
Test matrix (windows-latest, 3.12)	Install dependencies	2026-03-12T15:02:44.2983959Z Requirement already satisfied: colorama in C:\hostedtoolcache\windows\Python\3.12.10\x64\Lib\site-packages (from click>=8.2.1->typer>=0.9->harite==0.0.0) (0.4.6)
Test matrix (windows-latest, 3.12)	Install dependencies	2026-03-12T15:02:44.3299317Z Collecting markdown-it-py>=2.2.0 (from rich>=12.3.0->typer>=0.9->harite==0.0.0)
Test matrix (windows-latest, 3.12)	Install dependencies	2026-03-12T15:02:44.3358351Z   Downloading markdown_it_py-4.0.0-py3-none-any.whl.metadata (7.3 kB)
Test matrix (windows-latest, 3.12)	Install dependencies	2026-03-12T15:02:44.3993496Z Collecting pygments<3.0.0,>=2.13.0 (from rich>=12.3.0->typer>=0.9->harite==0.0.0)
Test matrix (windows-latest, 3.12)	Install dependencies	2026-03-12T15:02:44.4045244Z   Downloading pygments-2.19.2-py3-none-any.whl.metadata (2.5 kB)
Test matrix (windows-latest, 3.12)	Install dependencies	2026-03-12T15:02:44.4633913Z Collecting mdurl~=0.1 (from markdown-it-py>=2.2.0->rich>=12.3.0->typer>=0.9->harite==0.0.0)
Test matrix (windows-latest, 3.12)	Install dependencies	2026-03-12T15:02:44.4680175Z   Downloading mdurl-0.1.2-py3-none-any.whl.metadata (1.6 kB)
Test matrix (windows-latest, 3.12)	Install dependencies	2026-03-12T15:02:44.4997529Z Downloading pillow-12.1.1-cp312-cp312-win_amd64.whl (7.0 MB)
Test matrix (windows-latest, 3.12)	Install dependencies	2026-03-12T15:02:44.6365323Z    ---------------------------------------- 7.0/7.0 MB 86.8 MB/s  0:00:00
Test matrix (windows-latest, 3.12)	Install dependencies	2026-03-12T15:02:44.6409745Z Downloading typer-0.24.1-py3-none-any.whl (56 kB)
Test matrix (windows-latest, 3.12)	Install dependencies	2026-03-12T15:02:44.6700435Z Downloading annotated_doc-0.0.4-py3-none-any.whl (5.3 kB)
Test matrix (windows-latest, 3.12)	Install dependencies	2026-03-12T15:02:44.7402854Z Downloading rich-14.3.3-py3-none-any.whl (310 kB)
Test matrix (windows-latest, 3.12)	Install dependencies	2026-03-12T15:02:44.7699033Z Downloading pygments-2.19.2-py3-none-any.whl (1.2 MB)
Test matrix (windows-latest, 3.12)	Install dependencies	2026-03-12T15:02:44.8048573Z    ---------------------------------------- 1.2/1.2 MB 31.1 MB/s  0:00:00
Test matrix (windows-latest, 3.12)	Install dependencies	2026-03-12T15:02:44.8093064Z Downloading markdown_it_py-4.0.0-py3-none-any.whl (87 kB)
Test matrix (windows-latest, 3.12)	Install dependencies	2026-03-12T15:02:44.8296798Z Downloading mdurl-0.1.2-py3-none-any.whl (10.0 kB)
Test matrix (windows-latest, 3.12)	Install dependencies	2026-03-12T15:02:44.8504243Z Downloading shellingham-1.5.4-py2.py3-none-any.whl (9.8 kB)
Test matrix (windows-latest, 3.12)	Install dependencies	2026-03-12T15:02:44.9170921Z Building wheels for collected packages: harite
Test matrix (windows-latest, 3.12)	Install dependencies	2026-03-12T15:02:44.9207717Z   Building editable for harite (pyproject.toml): started
Test matrix (windows-latest, 3.12)	Install dependencies	2026-03-12T15:02:45.2740894Z   Building editable for harite (pyproject.toml): finished with status 'done'
Test matrix (windows-latest, 3.12)	Install dependencies	2026-03-12T15:02:45.2785509Z   Created wheel for harite: filename=harite-0.0.0-0.editable-py3-none-any.whl size=1467 sha256=e244a67a006b6394b8f9d3ccb823a2ad28a6ecd93cf30b1d72857db6e4d9c855
Test matrix (windows-latest, 3.12)	Install dependencies	2026-03-12T15:02:45.2787707Z   Stored in directory: C:\Users\runneradmin\AppData\Local\Temp\pip-ephem-wheel-cache-6j7407f_\wheels\d3\f5\d7\68b9b9ba74b3b0a974ef8c67273e31c3259e0cec1ca1260869
Test matrix (windows-latest, 3.12)	Install dependencies	2026-03-12T15:02:45.2811427Z Successfully built harite
Test matrix (windows-latest, 3.12)	Install dependencies	2026-03-12T15:02:45.3028393Z Installing collected packages: shellingham, pygments, Pillow, mdurl, annotated-doc, markdown-it-py, rich, typer, harite
Test matrix (windows-latest, 3.12)	Install dependencies	2026-03-12T15:02:48.7403411Z 
Test matrix (windows-latest, 3.12)	Install dependencies	2026-03-12T15:02:48.7425614Z Successfully installed Pillow-12.1.1 annotated-doc-0.0.4 harite-0.0.0 markdown-it-py-4.0.0 mdurl-0.1.2 pygments-2.19.2 rich-14.3.3 shellingham-1.5.4 typer-0.24.1
Test matrix (windows-latest, 3.12)	Install dependencies	2026-03-12T15:02:50.4189224Z Collecting pytest
Test matrix (windows-latest, 3.12)	Install dependencies	2026-03-12T15:02:50.6326037Z   Downloading pytest-9.0.2-py3-none-any.whl.metadata (7.6 kB)
Test matrix (windows-latest, 3.12)	Install dependencies	2026-03-12T15:02:50.6563280Z Requirement already satisfied: colorama>=0.4 in C:\hostedtoolcache\windows\Python\3.12.10\x64\Lib\site-packages (from pytest) (0.4.6)
Test matrix (windows-latest, 3.12)	Install dependencies	2026-03-12T15:02:50.6807468Z Collecting iniconfig>=1.0.1 (from pytest)
Test matrix (windows-latest, 3.12)	Install dependencies	2026-03-12T15:02:50.6842198Z   Downloading iniconfig-2.3.0-py3-none-any.whl.metadata (2.5 kB)
Test matrix (windows-latest, 3.12)	Install dependencies	2026-03-12T15:02:50.7020696Z Requirement already satisfied: packaging>=22 in C:\hostedtoolcache\windows\Python\3.12.10\x64\Lib\site-packages (from pytest) (26.0)
Test matrix (windows-latest, 3.12)	Install dependencies	2026-03-12T15:02:50.7261120Z Collecting pluggy<2,>=1.5 (from pytest)
Test matrix (windows-latest, 3.12)	Install dependencies	2026-03-12T15:02:50.7295293Z   Downloading pluggy-1.6.0-py3-none-any.whl.metadata (4.8 kB)
Test matrix (windows-latest, 3.12)	Install dependencies	2026-03-12T15:02:50.7516312Z Requirement already satisfied: pygments>=2.7.2 in C:\hostedtoolcache\windows\Python\3.12.10\x64\Lib\site-packages (from pytest) (2.19.2)
Test matrix (windows-latest, 3.12)	Install dependencies	2026-03-12T15:02:50.7580279Z Downloading pytest-9.0.2-py3-none-any.whl (374 kB)
Test matrix (windows-latest, 3.12)	Install dependencies	2026-03-12T15:02:50.8979936Z Downloading pluggy-1.6.0-py3-none-any.whl (20 kB)
Test matrix (windows-latest, 3.12)	Install dependencies	2026-03-12T15:02:50.9169562Z Downloading iniconfig-2.3.0-py3-none-any.whl (7.5 kB)
Test matrix (windows-latest, 3.12)	Install dependencies	2026-03-12T15:02:50.9867607Z Installing collected packages: pluggy, iniconfig, pytest
Test matrix (windows-latest, 3.12)	Install dependencies	2026-03-12T15:02:51.5655007Z 
Test matrix (windows-latest, 3.12)	Install dependencies	2026-03-12T15:02:51.5678348Z Successfully installed iniconfig-2.3.0 pluggy-1.6.0 pytest-9.0.2
Test matrix (windows-latest, 3.12)	Run tests	﻿2026-03-12T15:02:52.3049362Z ##[group]Run pytest -q
Test matrix (windows-latest, 3.12)	Run tests	2026-03-12T15:02:52.3049644Z [36;1mpytest -q[0m
Test matrix (windows-latest, 3.12)	Run tests	2026-03-12T15:02:52.3109000Z shell: C:\Program Files\PowerShell\7\pwsh.EXE -command ". '{0}'"
Test matrix (windows-latest, 3.12)	Run tests	2026-03-12T15:02:52.3109310Z env:
Test matrix (windows-latest, 3.12)	Run tests	2026-03-12T15:02:52.3109554Z   pythonLocation: C:\hostedtoolcache\windows\Python\3.12.10\x64
Test matrix (windows-latest, 3.12)	Run tests	2026-03-12T15:02:52.3109976Z   PKG_CONFIG_PATH: C:\hostedtoolcache\windows\Python\3.12.10\x64/lib/pkgconfig
Test matrix (windows-latest, 3.12)	Run tests	2026-03-12T15:02:52.3110403Z   Python_ROOT_DIR: C:\hostedtoolcache\windows\Python\3.12.10\x64
Test matrix (windows-latest, 3.12)	Run tests	2026-03-12T15:02:52.3110789Z   Python2_ROOT_DIR: C:\hostedtoolcache\windows\Python\3.12.10\x64
Test matrix (windows-latest, 3.12)	Run tests	2026-03-12T15:02:52.3111160Z   Python3_ROOT_DIR: C:\hostedtoolcache\windows\Python\3.12.10\x64
Test matrix (windows-latest, 3.12)	Run tests	2026-03-12T15:02:52.3111445Z ##[endgroup]
Test matrix (windows-latest, 3.12)	Run tests	2026-03-12T15:02:53.9442662Z .............................                                            [100%]
Test matrix (windows-latest, 3.12)	Run tests	2026-03-12T15:02:53.9443061Z 29 passed in 0.85s
Test matrix (windows-latest, 3.12)	Post Cache pip	﻿2026-03-12T15:02:54.2773897Z Post job cleanup.
Test matrix (windows-latest, 3.12)	Post Cache pip	2026-03-12T15:02:54.5649845Z [warning]Path Validation Error: Path(s) specified in the action for caching do(es) not exist, hence no cache is being saved.
Test matrix (windows-latest, 3.12)	Post Setup Python	﻿2026-03-12T15:02:54.5908845Z Post job cleanup.
Test matrix (windows-latest, 3.12)	Post Checkout repository	﻿2026-03-12T15:02:54.8228555Z Post job cleanup.
Test matrix (windows-latest, 3.12)	Post Checkout repository	2026-03-12T15:02:55.0578512Z [command]"C:\Program Files\Git\bin\git.exe" version
Test matrix (windows-latest, 3.12)	Post Checkout repository	2026-03-12T15:02:55.0898380Z git version 2.53.0.windows.1
Test matrix (windows-latest, 3.12)	Post Checkout repository	2026-03-12T15:02:55.0986337Z Temporarily overriding HOME='D:\a\_temp\c258051b-77ba-4449-9f52-d3efd59847d6' before making global git config changes
Test matrix (windows-latest, 3.12)	Post Checkout repository	2026-03-12T15:02:55.0987482Z Adding repository directory to the temporary git global config as a safe directory
Test matrix (windows-latest, 3.12)	Post Checkout repository	2026-03-12T15:02:55.1003272Z [command]"C:\Program Files\Git\bin\git.exe" config --global --add safe.directory D:\a\Harite\Harite
Test matrix (windows-latest, 3.12)	Post Checkout repository	2026-03-12T15:02:55.1337582Z [command]"C:\Program Files\Git\bin\git.exe" config --local --name-only --get-regexp core\.sshCommand
Test matrix (windows-latest, 3.12)	Post Checkout repository	2026-03-12T15:02:55.1641798Z [command]"C:\Program Files\Git\bin\git.exe" submodule foreach --recursive "sh -c \"git config --local --name-only --get-regexp 'core\.sshCommand' && git config --local --unset-all 'core.sshCommand' || :\""
Test matrix (windows-latest, 3.12)	Post Checkout repository	2026-03-12T15:02:55.7002478Z [command]"C:\Program Files\Git\bin\git.exe" config --local --name-only --get-regexp http\.https\:\/\/github\.com\/\.extraheader
Test matrix (windows-latest, 3.12)	Post Checkout repository	2026-03-12T15:02:55.7256114Z http.https://github.com/.extraheader
Test matrix (windows-latest, 3.12)	Post Checkout repository	2026-03-12T15:02:55.7296752Z [command]"C:\Program Files\Git\bin\git.exe" config --local --unset-all http.https://github.com/.extraheader
Test matrix (windows-latest, 3.12)	Post Checkout repository	2026-03-12T15:02:55.7582742Z [command]"C:\Program Files\Git\bin\git.exe" submodule foreach --recursive "sh -c \"git config --local --name-only --get-regexp 'http\.https\:\/\/github\.com\/\.extraheader' && git config --local --unset-all 'http.https://github.com/.extraheader' || :\""
Test matrix (windows-latest, 3.12)	Post Checkout repository	2026-03-12T15:02:56.2558875Z [command]"C:\Program Files\Git\bin\git.exe" config --local --name-only --get-regexp ^includeIf\.gitdir:
Test matrix (windows-latest, 3.12)	Post Checkout repository	2026-03-12T15:02:56.2841905Z [command]"C:\Program Files\Git\bin\git.exe" submodule foreach --recursive "git config --local --show-origin --name-only --get-regexp remote.origin.url"
Test matrix (windows-latest, 3.12)	Complete job	﻿2026-03-12T15:02:56.7956992Z Cleaning up orphan processes
Test matrix (windows-latest, 3.12)	Complete job	2026-03-12T15:02:56.8021508Z ##[warning]Node.js 20 actions are deprecated. The following actions are running on Node.js 20 and may not work as expected: actions/cache@v4, actions/checkout@v4, actions/setup-python@v4. Actions will be forced to run with Node.js 24 by default starting June 2nd, 2026. Please check if updated versions of these actions are available that support Node.js 24. To opt into Node.js 24 now, set the FORCE_JAVASCRIPT_ACTIONS_TO_NODE24=true environment variable on the runner or in your workflow file. Once Node.js 24 becomes the default, you can temporarily opt out by setting ACTIONS_ALLOW_USE_UNSECURE_NODE_VERSION=true. For more information see: https://github.blog/changelog/2025-09-19-deprecation-of-node-20-on-github-actions-runners/
Lint (ruff)	Set up job	﻿2026-03-12T15:02:15.3120775Z Current runner version: '2.332.0'
Lint (ruff)	Set up job	2026-03-12T15:02:15.3147334Z ##[group]Runner Image Provisioner
Lint (ruff)	Set up job	2026-03-12T15:02:15.3148195Z Hosted Compute Agent
Lint (ruff)	Set up job	2026-03-12T15:02:15.3148986Z Version: 20260213.493
Lint (ruff)	Set up job	2026-03-12T15:02:15.3149660Z Commit: 5c115507f6dd24b8de37d8bbe0bb4509d0cc0fa3
Lint (ruff)	Set up job	2026-03-12T15:02:15.3150420Z Build Date: 2026-02-13T00:28:41Z
Lint (ruff)	Set up job	2026-03-12T15:02:15.3151092Z Worker ID: {d710c411-495f-45af-883e-89c4a56cb072}
Lint (ruff)	Set up job	2026-03-12T15:02:15.3151824Z Azure Region: eastus
Lint (ruff)	Set up job	2026-03-12T15:02:15.3152374Z ##[endgroup]
Lint (ruff)	Set up job	2026-03-12T15:02:15.3153955Z ##[group]Operating System
Lint (ruff)	Set up job	2026-03-12T15:02:15.3154628Z Ubuntu
Lint (ruff)	Set up job	2026-03-12T15:02:15.3155153Z 24.04.3
Lint (ruff)	Set up job	2026-03-12T15:02:15.3155672Z LTS
Lint (ruff)	Set up job	2026-03-12T15:02:15.3156150Z ##[endgroup]
Lint (ruff)	Set up job	2026-03-12T15:02:15.3156697Z ##[group]Runner Image
Lint (ruff)	Set up job	2026-03-12T15:02:15.3157215Z Image: ubuntu-24.04
Lint (ruff)	Set up job	2026-03-12T15:02:15.3157777Z Version: 20260302.42.1
Lint (ruff)	Set up job	2026-03-12T15:02:15.3158956Z Included Software: https://github.com/actions/runner-images/blob/ubuntu24/20260302.42/images/ubuntu/Ubuntu2404-Readme.md
Lint (ruff)	Set up job	2026-03-12T15:02:15.3160773Z Image Release: https://github.com/actions/runner-images/releases/tag/ubuntu24%2F20260302.42
Lint (ruff)	Set up job	2026-03-12T15:02:15.3161750Z ##[endgroup]
Lint (ruff)	Set up job	2026-03-12T15:02:15.3162866Z ##[group]GITHUB_TOKEN Permissions
Lint (ruff)	Set up job	2026-03-12T15:02:15.3165090Z Contents: read
Lint (ruff)	Set up job	2026-03-12T15:02:15.3165687Z Metadata: read
Lint (ruff)	Set up job	2026-03-12T15:02:15.3166204Z Packages: read
Lint (ruff)	Set up job	2026-03-12T15:02:15.3166783Z ##[endgroup]
Lint (ruff)	Set up job	2026-03-12T15:02:15.3169199Z Secret source: Actions
Lint (ruff)	Set up job	2026-03-12T15:02:15.3170310Z Prepare workflow directory
Lint (ruff)	Set up job	2026-03-12T15:02:15.3497056Z Prepare all required actions
Lint (ruff)	Set up job	2026-03-12T15:02:15.3534915Z Getting action download info
Lint (ruff)	Set up job	2026-03-12T15:02:15.6698317Z Download action repository 'actions/checkout@v4' (SHA:34e114876b0b11c390a56381ad16ebd13914f8d5)
Lint (ruff)	Set up job	2026-03-12T15:02:15.8099175Z Download action repository 'actions/setup-python@v4' (SHA:7f4fc3e22c37d6ff65e88745f38bd3157c663f7c)
Lint (ruff)	Set up job	2026-03-12T15:02:16.0489196Z Complete job name: Lint (ruff)
Lint (ruff)	Checkout repository	﻿2026-03-12T15:02:16.1211569Z ##[group]Run actions/checkout@v4
Lint (ruff)	Checkout repository	2026-03-12T15:02:16.1212461Z with:
Lint (ruff)	Checkout repository	2026-03-12T15:02:16.1212892Z   repository: oggy8021/Harite
Lint (ruff)	Checkout repository	2026-03-12T15:02:16.1213568Z   token: ***
Lint (ruff)	Checkout repository	2026-03-12T15:02:16.1213956Z   ssh-strict: true
Lint (ruff)	Checkout repository	2026-03-12T15:02:16.1214346Z   ssh-user: git
Lint (ruff)	Checkout repository	2026-03-12T15:02:16.1214763Z   persist-credentials: true
Lint (ruff)	Checkout repository	2026-03-12T15:02:16.1215209Z   clean: true
Lint (ruff)	Checkout repository	2026-03-12T15:02:16.1215621Z   sparse-checkout-cone-mode: true
Lint (ruff)	Checkout repository	2026-03-12T15:02:16.1216103Z   fetch-depth: 1
Lint (ruff)	Checkout repository	2026-03-12T15:02:16.1216496Z   fetch-tags: false
Lint (ruff)	Checkout repository	2026-03-12T15:02:16.1216900Z   show-progress: true
Lint (ruff)	Checkout repository	2026-03-12T15:02:16.1217307Z   lfs: false
Lint (ruff)	Checkout repository	2026-03-12T15:02:16.1217675Z   submodules: false
Lint (ruff)	Checkout repository	2026-03-12T15:02:16.1218081Z   set-safe-directory: true
Lint (ruff)	Checkout repository	2026-03-12T15:02:16.1218936Z ##[endgroup]
Lint (ruff)	Checkout repository	2026-03-12T15:02:16.2313467Z Syncing repository: oggy8021/Harite
Lint (ruff)	Checkout repository	2026-03-12T15:02:16.2315512Z ##[group]Getting Git version info
Lint (ruff)	Checkout repository	2026-03-12T15:02:16.2316208Z Working directory is '/home/runner/work/Harite/Harite'
Lint (ruff)	Checkout repository	2026-03-12T15:02:16.2317129Z [command]/usr/bin/git version
Lint (ruff)	Checkout repository	2026-03-12T15:02:16.2381915Z git version 2.53.0
Lint (ruff)	Checkout repository	2026-03-12T15:02:16.2408107Z ##[endgroup]
Lint (ruff)	Checkout repository	2026-03-12T15:02:16.2422829Z Temporarily overriding HOME='/home/runner/work/_temp/0c109b55-b6e2-4b83-bbf5-7d425725cdaa' before making global git config changes
Lint (ruff)	Checkout repository	2026-03-12T15:02:16.2424245Z Adding repository directory to the temporary git global config as a safe directory
Lint (ruff)	Checkout repository	2026-03-12T15:02:16.2437669Z [command]/usr/bin/git config --global --add safe.directory /home/runner/work/Harite/Harite
Lint (ruff)	Checkout repository	2026-03-12T15:02:16.2477806Z Deleting the contents of '/home/runner/work/Harite/Harite'
Lint (ruff)	Checkout repository	2026-03-12T15:02:16.2481809Z ##[group]Initializing the repository
Lint (ruff)	Checkout repository	2026-03-12T15:02:16.2485669Z [command]/usr/bin/git init /home/runner/work/Harite/Harite
Lint (ruff)	Checkout repository	2026-03-12T15:02:16.2586137Z hint: Using 'master' as the name for the initial branch. This default branch name
Lint (ruff)	Checkout repository	2026-03-12T15:02:16.2587275Z hint: will change to "main" in Git 3.0. To configure the initial branch name
Lint (ruff)	Checkout repository	2026-03-12T15:02:16.2588173Z hint: to use in all of your new repositories, which will suppress this warning,
Lint (ruff)	Checkout repository	2026-03-12T15:02:16.2589647Z hint: call:
Lint (ruff)	Checkout repository	2026-03-12T15:02:16.2590897Z hint:
Lint (ruff)	Checkout repository	2026-03-12T15:02:16.2591422Z hint: 	git config --global init.defaultBranch <name>
Lint (ruff)	Checkout repository	2026-03-12T15:02:16.2592018Z hint:
Lint (ruff)	Checkout repository	2026-03-12T15:02:16.2592578Z hint: Names commonly chosen instead of 'master' are 'main', 'trunk' and
Lint (ruff)	Checkout repository	2026-03-12T15:02:16.2593481Z hint: 'development'. The just-created branch can be renamed via this command:
Lint (ruff)	Checkout repository	2026-03-12T15:02:16.2594186Z hint:
Lint (ruff)	Checkout repository	2026-03-12T15:02:16.2594573Z hint: 	git branch -m <name>
Lint (ruff)	Checkout repository	2026-03-12T15:02:16.2595119Z hint:
Lint (ruff)	Checkout repository	2026-03-12T15:02:16.2595891Z hint: Disable this message with "git config set advice.defaultBranchName false"
Lint (ruff)	Checkout repository	2026-03-12T15:02:16.2596881Z Initialized empty Git repository in /home/runner/work/Harite/Harite/.git/
Lint (ruff)	Checkout repository	2026-03-12T15:02:16.2601983Z [command]/usr/bin/git remote add origin https://github.com/oggy8021/Harite
Lint (ruff)	Checkout repository	2026-03-12T15:02:16.2637077Z ##[endgroup]
Lint (ruff)	Checkout repository	2026-03-12T15:02:16.2637828Z ##[group]Disabling automatic garbage collection
Lint (ruff)	Checkout repository	2026-03-12T15:02:16.2641681Z [command]/usr/bin/git config --local gc.auto 0
Lint (ruff)	Checkout repository	2026-03-12T15:02:16.2671143Z ##[endgroup]
Lint (ruff)	Checkout repository	2026-03-12T15:02:16.2671841Z ##[group]Setting up auth
Lint (ruff)	Checkout repository	2026-03-12T15:02:16.2678302Z [command]/usr/bin/git config --local --name-only --get-regexp core\.sshCommand
Lint (ruff)	Checkout repository	2026-03-12T15:02:16.2709818Z [command]/usr/bin/git submodule foreach --recursive sh -c "git config --local --name-only --get-regexp 'core\.sshCommand' && git config --local --unset-all 'core.sshCommand' || :"
Lint (ruff)	Checkout repository	2026-03-12T15:02:16.3077575Z [command]/usr/bin/git config --local --name-only --get-regexp http\.https\:\/\/github\.com\/\.extraheader
Lint (ruff)	Checkout repository	2026-03-12T15:02:16.3114891Z [command]/usr/bin/git submodule foreach --recursive sh -c "git config --local --name-only --get-regexp 'http\.https\:\/\/github\.com\/\.extraheader' && git config --local --unset-all 'http.https://github.com/.extraheader' || :"
Lint (ruff)	Checkout repository	2026-03-12T15:02:16.3383967Z [command]/usr/bin/git config --local --name-only --get-regexp ^includeIf\.gitdir:
Lint (ruff)	Checkout repository	2026-03-12T15:02:16.3435162Z [command]/usr/bin/git submodule foreach --recursive git config --local --show-origin --name-only --get-regexp remote.origin.url
Lint (ruff)	Checkout repository	2026-03-12T15:02:16.3720242Z [command]/usr/bin/git config --local http.https://github.com/.extraheader AUTHORIZATION: basic ***
Lint (ruff)	Checkout repository	2026-03-12T15:02:16.3758553Z ##[endgroup]
Lint (ruff)	Checkout repository	2026-03-12T15:02:16.3760054Z ##[group]Fetching the repository
Lint (ruff)	Checkout repository	2026-03-12T15:02:16.3770025Z [command]/usr/bin/git -c protocol.version=2 fetch --no-tags --prune --no-recurse-submodules --depth=1 origin +e34db03ff9b90ee228e8d443f90dd83745dfa8dd:refs/remotes/origin/feature/monitor-split
Lint (ruff)	Checkout repository	2026-03-12T15:02:16.6090698Z From https://github.com/oggy8021/Harite
Lint (ruff)	Checkout repository	2026-03-12T15:02:16.6092626Z  * [new ref]         e34db03ff9b90ee228e8d443f90dd83745dfa8dd -> origin/feature/monitor-split
Lint (ruff)	Checkout repository	2026-03-12T15:02:16.6133752Z ##[endgroup]
Lint (ruff)	Checkout repository	2026-03-12T15:02:16.6135004Z ##[group]Determining the checkout info
Lint (ruff)	Checkout repository	2026-03-12T15:02:16.6136331Z ##[endgroup]
Lint (ruff)	Checkout repository	2026-03-12T15:02:16.6140762Z [command]/usr/bin/git sparse-checkout disable
Lint (ruff)	Checkout repository	2026-03-12T15:02:16.6187707Z [command]/usr/bin/git config --local --unset-all extensions.worktreeConfig
Lint (ruff)	Checkout repository	2026-03-12T15:02:16.6225333Z ##[group]Checking out the ref
Lint (ruff)	Checkout repository	2026-03-12T15:02:16.6227502Z [command]/usr/bin/git checkout --progress --force -B feature/monitor-split refs/remotes/origin/feature/monitor-split
Lint (ruff)	Checkout repository	2026-03-12T15:02:16.6323851Z Switched to a new branch 'feature/monitor-split'
Lint (ruff)	Checkout repository	2026-03-12T15:02:16.6329287Z branch 'feature/monitor-split' set up to track 'origin/feature/monitor-split'.
Lint (ruff)	Checkout repository	2026-03-12T15:02:16.6335706Z ##[endgroup]
Lint (ruff)	Checkout repository	2026-03-12T15:02:16.6379092Z [command]/usr/bin/git log -1 --format=%H
Lint (ruff)	Checkout repository	2026-03-12T15:02:16.6403141Z e34db03ff9b90ee228e8d443f90dd83745dfa8dd
Lint (ruff)	Setup Python	﻿2026-03-12T15:02:16.6709399Z ##[group]Run actions/setup-python@v4
Lint (ruff)	Setup Python	2026-03-12T15:02:16.6710527Z with:
Lint (ruff)	Setup Python	2026-03-12T15:02:16.6711212Z   python-version: 3.12
Lint (ruff)	Setup Python	2026-03-12T15:02:16.6712046Z   check-latest: false
Lint (ruff)	Setup Python	2026-03-12T15:02:16.6713164Z   token: ***
Lint (ruff)	Setup Python	2026-03-12T15:02:16.6713915Z   update-environment: true
Lint (ruff)	Setup Python	2026-03-12T15:02:16.6714842Z   allow-prereleases: false
Lint (ruff)	Setup Python	2026-03-12T15:02:16.6715767Z ##[endgroup]
Lint (ruff)	Setup Python	2026-03-12T15:02:16.8462013Z ##[group]Installed versions
Lint (ruff)	Setup Python	2026-03-12T15:02:16.8553752Z Successfully set up CPython (3.12.12)
Lint (ruff)	Setup Python	2026-03-12T15:02:16.8556546Z ##[endgroup]
Lint (ruff)	Install linter	﻿2026-03-12T15:02:16.8713179Z ##[group]Run python -m pip install --upgrade pip
Lint (ruff)	Install linter	2026-03-12T15:02:16.8714616Z [36;1mpython -m pip install --upgrade pip[0m
Lint (ruff)	Install linter	2026-03-12T15:02:16.8715780Z [36;1mpip install ruff[0m
Lint (ruff)	Install linter	2026-03-12T15:02:16.8821981Z shell: /usr/bin/bash -e {0}
Lint (ruff)	Install linter	2026-03-12T15:02:16.8823000Z env:
Lint (ruff)	Install linter	2026-03-12T15:02:16.8824028Z   pythonLocation: /opt/hostedtoolcache/Python/3.12.12/x64
Lint (ruff)	Install linter	2026-03-12T15:02:16.8825652Z   PKG_CONFIG_PATH: /opt/hostedtoolcache/Python/3.12.12/x64/lib/pkgconfig
Lint (ruff)	Install linter	2026-03-12T15:02:16.8827243Z   Python_ROOT_DIR: /opt/hostedtoolcache/Python/3.12.12/x64
Lint (ruff)	Install linter	2026-03-12T15:02:16.8829052Z   Python2_ROOT_DIR: /opt/hostedtoolcache/Python/3.12.12/x64
Lint (ruff)	Install linter	2026-03-12T15:02:16.8830542Z   Python3_ROOT_DIR: /opt/hostedtoolcache/Python/3.12.12/x64
Lint (ruff)	Install linter	2026-03-12T15:02:16.8832030Z   LD_LIBRARY_PATH: /opt/hostedtoolcache/Python/3.12.12/x64/lib
Lint (ruff)	Install linter	2026-03-12T15:02:16.8833247Z ##[endgroup]
Lint (ruff)	Install linter	2026-03-12T15:02:19.3927878Z Requirement already satisfied: pip in /opt/hostedtoolcache/Python/3.12.12/x64/lib/python3.12/site-packages (26.0.1)
Lint (ruff)	Install linter	2026-03-12T15:02:20.3895136Z Collecting ruff
Lint (ruff)	Install linter	2026-03-12T15:02:20.4469086Z   Downloading ruff-0.15.5-py3-none-manylinux_2_17_x86_64.manylinux2014_x86_64.whl.metadata (26 kB)
Lint (ruff)	Install linter	2026-03-12T15:02:20.4654408Z Downloading ruff-0.15.5-py3-none-manylinux_2_17_x86_64.manylinux2014_x86_64.whl (11.2 MB)
Lint (ruff)	Install linter	2026-03-12T15:02:20.5708015Z    ━━━━━━━━━━━━━━━━━━━━━━━━━━━━━━━━━━━━━━━━ 11.2/11.2 MB 126.8 MB/s  0:00:00
Lint (ruff)	Install linter	2026-03-12T15:02:20.5931943Z Installing collected packages: ruff
Lint (ruff)	Install linter	2026-03-12T15:02:20.7220794Z Successfully installed ruff-0.15.5
Lint (ruff)	Run ruff	﻿2026-03-12T15:02:20.7941929Z ##[group]Run ruff check src tests
Lint (ruff)	Run ruff	2026-03-12T15:02:20.7942261Z [36;1mruff check src tests[0m
Lint (ruff)	Run ruff	2026-03-12T15:02:20.7993940Z shell: /usr/bin/bash -e {0}
Lint (ruff)	Run ruff	2026-03-12T15:02:20.7994189Z env:
Lint (ruff)	Run ruff	2026-03-12T15:02:20.7994447Z   pythonLocation: /opt/hostedtoolcache/Python/3.12.12/x64
Lint (ruff)	Run ruff	2026-03-12T15:02:20.7994873Z   PKG_CONFIG_PATH: /opt/hostedtoolcache/Python/3.12.12/x64/lib/pkgconfig
Lint (ruff)	Run ruff	2026-03-12T15:02:20.7995320Z   Python_ROOT_DIR: /opt/hostedtoolcache/Python/3.12.12/x64
Lint (ruff)	Run ruff	2026-03-12T15:02:20.7995686Z   Python2_ROOT_DIR: /opt/hostedtoolcache/Python/3.12.12/x64
Lint (ruff)	Run ruff	2026-03-12T15:02:20.7996071Z   Python3_ROOT_DIR: /opt/hostedtoolcache/Python/3.12.12/x64
Lint (ruff)	Run ruff	2026-03-12T15:02:20.7996424Z   LD_LIBRARY_PATH: /opt/hostedtoolcache/Python/3.12.12/x64/lib
Lint (ruff)	Run ruff	2026-03-12T15:02:20.7996725Z ##[endgroup]
Lint (ruff)	Run ruff	2026-03-12T15:02:20.8152378Z F821 Undefined name `path_str`
Lint (ruff)	Run ruff	2026-03-12T15:02:20.8153101Z    --> src/harite/cli.py:196:60
Lint (ruff)	Run ruff	2026-03-12T15:02:20.8153494Z     |
Lint (ruff)	Run ruff	2026-03-12T15:02:20.8153951Z 194 |     success = plugin_impl.apply(path_or_map, dry_run=not do_it)
Lint (ruff)	Run ruff	2026-03-12T15:02:20.8154587Z 195 |     if success:
Lint (ruff)	Run ruff	2026-03-12T15:02:20.8155214Z 196 |         typer.echo(f"Plugin '{plugin}' applied wallpaper: {path_str} (dry_run={not do_it})")
Lint (ruff)	Run ruff	2026-03-12T15:02:20.8155989Z     |                                                            ^^^^^^^^
Lint (ruff)	Run ruff	2026-03-12T15:02:20.8156464Z 197 |     else:
Lint (ruff)	Run ruff	2026-03-12T15:02:20.8156982Z 198 |         typer.echo(f"Plugin '{plugin}' failed to apply wallpaper: {path_str}")
Lint (ruff)	Run ruff	2026-03-12T15:02:20.8157592Z     |
Lint (ruff)	Run ruff	2026-03-12T15:02:20.8157751Z 
Lint (ruff)	Run ruff	2026-03-12T15:02:20.8157921Z F821 Undefined name `path_str`
Lint (ruff)	Run ruff	2026-03-12T15:02:20.8158328Z    --> src/harite/cli.py:198:68
Lint (ruff)	Run ruff	2026-03-12T15:02:20.8159049Z     |
Lint (ruff)	Run ruff	2026-03-12T15:02:20.8159621Z 196 |         typer.echo(f"Plugin '{plugin}' applied wallpaper: {path_str} (dry_run={not do_it})")
Lint (ruff)	Run ruff	2026-03-12T15:02:20.8160310Z 197 |     else:
Lint (ruff)	Run ruff	2026-03-12T15:02:20.8160859Z 198 |         typer.echo(f"Plugin '{plugin}' failed to apply wallpaper: {path_str}")
Lint (ruff)	Run ruff	2026-03-12T15:02:20.8161558Z     |                                                                    ^^^^^^^^
Lint (ruff)	Run ruff	2026-03-12T15:02:20.8162065Z 199 |         raise typer.Exit(code=3)
Lint (ruff)	Run ruff	2026-03-12T15:02:20.8162455Z     |
Lint (ruff)	Run ruff	2026-03-12T15:02:20.8162603Z 
Lint (ruff)	Run ruff	2026-03-12T15:02:20.8162753Z F401 [*] `shutil` imported but unused
Lint (ruff)	Run ruff	2026-03-12T15:02:20.8163217Z  --> tests/test_core_twoscreen.py:2:8
Lint (ruff)	Run ruff	2026-03-12T15:02:20.8163643Z   |
Lint (ruff)	Run ruff	2026-03-12T15:02:20.8164276Z 1 | from pathlib import Path
Lint (ruff)	Run ruff	2026-03-12T15:02:20.8164521Z 2 | import shutil
Lint (ruff)	Run ruff	2026-03-12T15:02:20.8164696Z   |        ^^^^^^
Lint (ruff)	Run ruff	2026-03-12T15:02:20.8164875Z 3 | import tempfile
Lint (ruff)	Run ruff	2026-03-12T15:02:20.8165100Z 4 | from harite.core import optimize_wallpapers
Lint (ruff)	Run ruff	2026-03-12T15:02:20.8165370Z   |
Lint (ruff)	Run ruff	2026-03-12T15:02:20.8165542Z help: Remove unused import: `shutil`
Lint (ruff)	Run ruff	2026-03-12T15:02:20.8165720Z 
Lint (ruff)	Run ruff	2026-03-12T15:02:20.8165814Z F401 [*] `tempfile` imported but unused
Lint (ruff)	Run ruff	2026-03-12T15:02:20.8166077Z  --> tests/test_core_twoscreen.py:3:8
Lint (ruff)	Run ruff	2026-03-12T15:02:20.8166344Z   |
Lint (ruff)	Run ruff	2026-03-12T15:02:20.8166842Z 1 | from pathlib import Path
Lint (ruff)	Run ruff	2026-03-12T15:02:20.8167252Z 2 | import shutil
Lint (ruff)	Run ruff	2026-03-12T15:02:20.8167564Z 3 | import tempfile
Lint (ruff)	Run ruff	2026-03-12T15:02:20.8167856Z   |        ^^^^^^^^
Lint (ruff)	Run ruff	2026-03-12T15:02:20.8168213Z 4 | from harite.core import optimize_wallpapers
Lint (ruff)	Run ruff	2026-03-12T15:02:20.8169211Z   |
Lint (ruff)	Run ruff	2026-03-12T15:02:20.8169425Z help: Remove unused import: `tempfile`
Lint (ruff)	Run ruff	2026-03-12T15:02:20.8169613Z 
Lint (ruff)	Run ruff	2026-03-12T15:02:20.8169708Z F401 [*] `pytest` imported but unused
Lint (ruff)	Run ruff	2026-03-12T15:02:20.8169976Z  --> tests/test_workspace.py:6:8
Lint (ruff)	Run ruff	2026-03-12T15:02:20.8170198Z   |
Lint (ruff)	Run ruff	2026-03-12T15:02:20.8170353Z 4 | import platform
Lint (ruff)	Run ruff	2026-03-12T15:02:20.8170540Z 5 |
Lint (ruff)	Run ruff	2026-03-12T15:02:20.8170702Z 6 | import pytest
Lint (ruff)	Run ruff	2026-03-12T15:02:20.8170882Z   |        ^^^^^^
Lint (ruff)	Run ruff	2026-03-12T15:02:20.8171047Z 7 |
Lint (ruff)	Run ruff	2026-03-12T15:02:20.8171216Z 8 | from harite import workspace
Lint (ruff)	Run ruff	2026-03-12T15:02:20.8171433Z   |
Lint (ruff)	Run ruff	2026-03-12T15:02:20.8171602Z help: Remove unused import: `pytest`
Lint (ruff)	Run ruff	2026-03-12T15:02:20.8171777Z 
Lint (ruff)	Run ruff	2026-03-12T15:02:20.8171849Z Found 5 errors.
Lint (ruff)	Run ruff	2026-03-12T15:02:20.8172042Z [*] 3 fixable with the `--fix` option.
Lint (ruff)	Run ruff	2026-03-12T15:02:20.8182214Z ##[error]Process completed with exit code 1.
Lint (ruff)	Post Checkout repository	﻿2026-03-12T15:02:20.8368395Z Post job cleanup.
Lint (ruff)	Post Checkout repository	2026-03-12T15:02:20.9311325Z [command]/usr/bin/git version
Lint (ruff)	Post Checkout repository	2026-03-12T15:02:20.9348720Z git version 2.53.0
Lint (ruff)	Post Checkout repository	2026-03-12T15:02:20.9391522Z Temporarily overriding HOME='/home/runner/work/_temp/1f0d60c4-0300-4e2e-9a1d-bc97142ed0a9' before making global git config changes
Lint (ruff)	Post Checkout repository	2026-03-12T15:02:20.9392865Z Adding repository directory to the temporary git global config as a safe directory
Lint (ruff)	Post Checkout repository	2026-03-12T15:02:20.9397263Z [command]/usr/bin/git config --global --add safe.directory /home/runner/work/Harite/Harite
Lint (ruff)	Post Checkout repository	2026-03-12T15:02:20.9434773Z [command]/usr/bin/git config --local --name-only --get-regexp core\.sshCommand
Lint (ruff)	Post Checkout repository	2026-03-12T15:02:20.9468369Z [command]/usr/bin/git submodule foreach --recursive sh -c "git config --local --name-only --get-regexp 'core\.sshCommand' && git config --local --unset-all 'core.sshCommand' || :"
Lint (ruff)	Post Checkout repository	2026-03-12T15:02:20.9713689Z [command]/usr/bin/git config --local --name-only --get-regexp http\.https\:\/\/github\.com\/\.extraheader
Lint (ruff)	Post Checkout repository	2026-03-12T15:02:20.9735903Z http.https://github.com/.extraheader
Lint (ruff)	Post Checkout repository	2026-03-12T15:02:20.9748872Z [command]/usr/bin/git config --local --unset-all http.https://github.com/.extraheader
Lint (ruff)	Post Checkout repository	2026-03-12T15:02:20.9779753Z [command]/usr/bin/git submodule foreach --recursive sh -c "git config --local --name-only --get-regexp 'http\.https\:\/\/github\.com\/\.extraheader' && git config --local --unset-all 'http.https://github.com/.extraheader' || :"
Lint (ruff)	Post Checkout repository	2026-03-12T15:02:21.0018135Z [command]/usr/bin/git config --local --name-only --get-regexp ^includeIf\.gitdir:
Lint (ruff)	Post Checkout repository	2026-03-12T15:02:21.0050438Z [command]/usr/bin/git submodule foreach --recursive git config --local --show-origin --name-only --get-regexp remote.origin.url
Lint (ruff)	Complete job	﻿2026-03-12T15:02:21.0393362Z Cleaning up orphan processes
Lint (ruff)	Complete job	2026-03-12T15:02:21.0678958Z ##[warning]Node.js 20 actions are deprecated. The following actions are running on Node.js 20 and may not work as expected: actions/checkout@v4, actions/setup-python@v4. Actions will be forced to run with Node.js 24 by default starting June 2nd, 2026. Please check if updated versions of these actions are available that support Node.js 24. To opt into Node.js 24 now, set the FORCE_JAVASCRIPT_ACTIONS_TO_NODE24=true environment variable on the runner or in your workflow file. Once Node.js 24 becomes the default, you can temporarily opt out by setting ACTIONS_ALLOW_USE_UNSECURE_NODE_VERSION=true. For more information see: https://github.blog/changelog/2025-09-19-deprecation-of-node-20-on-github-actions-runners/
